date,actual,predicted
2014-08-25,1277.3,1277.27830209136
2014-08-26,1286.0,1277.2468591570853
2014-08-27,1282.8,1285.8835662603378
2014-08-28,1292.0,1282.6595414400101
2014-08-29,1285.8,1291.8123285770416
2014-09-01,1286.5,1285.6206632137298
2014-09-02,1267.0,1286.325013101101
2014-09-03,1265.5,1266.8977471590042
2014-09-04,1271.5,1265.4192902445793
2014-09-05,1266.0,1271.3944282829762
2014-09-08,1259.0,1265.8939794301987
2014-09-09,1255.8,1258.9053717255592
2014-09-10,1251.0,1255.7056122422218
2014-09-11,1241.3,1250.9066441059113
2014-09-12,1231.5,1241.2227573156356
2014-09-15,1234.3,1231.4396626353264
2014-09-16,1232.3,1234.2103181540965
2014-09-17,1236.0,1232.184682238102
2014-09-18,1220.5,1235.8445534706116
2014-09-19,1219.8,1220.3724736869335
2014-09-22,1213.5,1219.6685480117796
2014-09-23,1222.0,1213.3750856816769
2014-09-24,1217.3,1221.8333492279053
2014-09-25,1213.8,1217.1284758806228
2014-09-26,1213.8,1213.6332375884056
2014-09-29,1219.5,1213.630994796753
2014-09-30,1216.5,1219.3091216683388
2014-10-01,1216.5,1216.315827012062
2014-10-02,1211.8,1216.322280317545
2014-10-03,1195.0,1211.6457912802696
2014-10-06,1195.8,1194.9121764302254
2014-10-07,1210.5,1195.721454691887
2014-10-08,1217.0,1210.3624793887138
2014-10-09,1226.8,1216.8164767026901
2014-10-10,1219.0,1226.5728800296783
2014-10-13,1229.0,1218.8020067811012
2014-10-14,1234.8,1228.7936431765556
2014-10-15,1237.5,1234.5929637193678
2014-10-16,1237.8,1237.3078532516956
2014-10-17,1234.3,1237.6359901070593
2014-10-20,1244.5,1234.1783151984214
2014-10-21,1250.3,1244.3730072975159
2014-10-22,1243.8,1250.167496883869
2014-10-23,1232.8,1243.703326320648
2014-10-24,1232.8,1232.7613492012024
2014-10-27,1228.8,1232.7789845466614
2014-10-28,1229.3,1228.7898193359374
2014-10-29,1223.5,1229.2775054991246
2014-10-30,1202.0,1223.4767365157604
2014-10-31,1164.3,1202.028514623642
2014-11-03,1167.8,1164.4361582636832
2014-11-04,1166.5,1167.904409456253
2014-11-05,1142.0,1166.537823677063
2014-11-06,1145.0,1142.039207458496
2014-11-07,1154.5,1144.9687427282333
2014-11-10,1162.0,1154.362097620964
2014-11-11,1156.5,1161.7672843933105
2014-11-12,1164.5,1156.2417778372765
2014-11-13,1161.8,1164.202788054943
2014-11-14,1169.0,1161.5111637711525
2014-11-17,1182.5,1168.7046356797218
2014-11-18,1192.8,1182.1791636943817
2014-11-19,1196.0,1192.468832874298
2014-11-20,1190.0,1195.6965305805206
2014-11-21,1203.8,1189.7698336839676
2014-11-24,1197.5,1203.582662975788
2014-11-25,1199.0,1197.3445418477058
2014-11-26,1197.5,1198.8854400515556
2014-11-27,1194.8,1197.422913312912
2014-11-28,1182.8,1194.7543507814407
2014-12-01,1194.0,1182.806204032898
2014-12-02,1195.0,1193.9766569137573
2014-12-03,1204.8,1194.9544143676758
2014-12-04,1209.0,1204.706716632843
2014-12-05,1194.0,1208.8770622015
2014-12-08,1193.0,1193.9235656261444
2014-12-09,1227.0,1192.941051185131
2014-12-10,1229.0,1226.8304001688957
2014-12-11,1216.3,1228.8018476366997
2014-12-12,1217.0,1216.1571806550025
2014-12-15,1209.3,1216.889886021614
2014-12-16,1202.5,1209.2388762474059
2014-12-17,1195.8,1202.47907102108
2014-12-18,1199.0,1195.8057020187377
2014-12-19,1195.5,1198.9864929318428
2014-12-22,1195.3,1195.4729934632778
2014-12-23,1175.8,1195.2495582342146
2014-12-24,1175.8,1175.7887166142464
2014-12-25,1175.8,1175.775120484829
2014-12-26,1175.8,1175.7442138195038
2014-12-29,1185.5,1175.7096628308295
2014-12-30,1206.0,1185.34652364254
2014-12-31,1206.0,1205.7492713928223
2015-01-01,1206.0,1205.7315162420273
2015-01-02,1172.0,1205.7489838600159
2015-01-05,1200.0,1171.8970313072205
2015-01-06,1210.3,1199.8545169830322
2015-01-07,1210.5,1210.1168378055095
2015-01-08,1215.5,1210.3190442323685
2015-01-09,1217.8,1215.3210498690605
2015-01-12,1226.5,1217.6353011488914
2015-01-13,1231.5,1226.3316389620304
2015-01-14,1235.0,1231.3373386859894
2015-01-15,1259.0,1234.8517459630966
2015-01-16,1277.5,1258.8002375364304
2015-01-19,1273.8,1277.2567930817604
2015-01-20,1288.8,1273.6023687958716
2015-01-21,1293.5,1288.6119483947753
2015-01-22,1295.8,1293.3472676575184
2015-01-23,1294.8,1295.6942643284797
2015-01-26,1281.3,1294.748369193077
2015-01-27,1288.5,1281.3343671441078
2015-01-28,1288.0,1288.5446979403496
2015-01-29,1268.8,1288.047290802002
2015-01-30,1260.3,1268.899826812744
2015-02-02,1272.5,1260.420041334629
2015-02-03,1264.3,1272.5529411435127
2015-02-04,1268.5,1264.3262246370316
2015-02-05,1259.3,1268.4731589853764
2015-02-06,1241.0,1259.262845236063
2015-02-09,1238.5,1240.9966713786125
2015-02-10,1234.5,1238.4854573905468
2015-02-11,1223.8,1234.4629147052765
2015-02-12,1222.5,1223.7590053796769
2015-02-13,1232.5,1222.428299188614
2015-02-16,1229.3,1232.3547641932964
2015-02-17,1209.5,1229.1240739524364
2015-02-18,1206.0,1209.3707393705845
2015-02-19,1209.5,1205.881464600563
2015-02-20,1208.3,1209.356032639742
2015-02-23,1204.5,1208.1380263626575
2015-02-24,1192.5,1204.334587097168
2015-02-25,1204.8,1192.3658747971058
2015-02-26,1208.3,1204.622050666809
2015-02-27,1214.0,1208.0921494364738
2015-03-02,1212.5,1213.7660599946976
2015-03-03,1212.8,1212.2743710875511
2015-03-04,1199.5,1212.5902910232544
2015-03-05,1202.0,1199.355650037527
2015-03-06,1175.8,1201.8734753131866
2015-03-09,1168.5,1175.7681822538375
2015-03-10,1162.0,1168.5044574737549
2015-03-11,1150.0,1162.0090038776398
2015-03-12,1152.3,1150.0138461589813
2015-03-13,1152.0,1152.2659335136414
2015-03-16,1150.8,1151.913963317871
2015-03-17,1150.8,1150.6709765195847
2015-03-18,1147.3,1150.635376739502
2015-03-19,1166.0,1147.1225424587726
2015-03-20,1183.1,1165.746467590332
2015-03-23,1186.3,1182.772090113163
2015-03-24,1191.5,1185.9654757678509
2015-03-25,1195.6,1191.183681666851
2015-03-26,1203.2,1195.3193650722503
2015-03-27,1195.8,1202.9487777709962
2015-03-30,1185.5,1195.6260884284973
2015-03-31,1187.0,1185.4163370132446
2015-04-01,1197.0,1186.9552147984505
2015-04-02,1198.5,1196.9396406412125
2015-04-03,1198.5,1198.4327785670757
2015-04-06,1198.5,1198.4327785670757
2015-04-07,1211.0,1198.434493035078
2015-04-08,1207.3,1210.894831955433
2015-04-09,1194.8,1207.2014858186244
2015-04-10,1207.4,1194.7512885093688
2015-04-13,1198.9,1207.3239312529565
2015-04-14,1194.8,1198.8441182732583
2015-04-15,1192.9,1194.7591222286223
2015-04-16,1204.4,1192.8615336120129
2015-04-17,1203.4,1204.3127059936523
2015-04-20,1196.5,1203.294989871979
2015-04-21,1195.3,1196.4100693166256
2015-04-22,1189.3,1195.215146690607
2015-04-23,1185.8,1189.2316641569137
2015-04-24,1183.0,1185.7392158985137
2015-04-27,1200.0,1182.9384427666664
2015-04-28,1209.0,1199.8675346374512
2015-04-29,1209.0,1208.8114857673645
2015-04-30,1180.3,1208.8024780154228
2015-05-01,1176.0,1180.2112165808678
2015-05-04,1176.0,1175.9584336280823
2015-05-05,1197.0,1175.962218761444
2015-05-06,1194.3,1196.8767127990723
2015-05-07,1187.0,1194.1529300808907
2015-05-08,1186.0,1186.8696771860123
2015-05-11,1189.3,1185.878835439682
2015-05-12,1191.5,1189.1707006454467
2015-05-13,1210.5,1191.3620812296867
2015-05-14,1225.0,1210.2989139854908
2015-05-15,1220.5,1224.7459784150124
2015-05-18,1223.5,1220.274555593729
2015-05-19,1214.3,1223.304849267006
2015-05-20,1210.5,1214.1760166227816
2015-05-21,1205.0,1210.4304460287094
2015-05-22,1204.1,1204.9738562107086
2015-05-25,1204.1,1204.0872249484062
2015-05-26,1185.4,1204.0811245024204
2015-05-27,1185.9,1185.4265664100649
2015-05-28,1185.0,1185.9147025108339
2015-05-29,1191.4,1184.9862268567085
2015-06-01,1199.9,1191.3290580391886
2015-06-02,1192.8,1199.7632544994356
2015-06-03,1190.0,1192.6591579914093
2015-06-04,1176.0,1189.8639571666718
2015-06-05,1164.6,1175.910698890686
2015-06-08,1172.8,1164.5537692308426
2015-06-09,1177.4,1172.7213576316833
2015-06-10,1188.5,1177.2785911798478
2015-06-11,1178.5,1188.3165240883827
2015-06-12,1182.8,1178.3323273956776
2015-06-15,1181.4,1182.625159072876
2015-06-16,1177.8,1181.2347314715387
2015-06-17,1178.0,1177.6567872047424
2015-06-18,1201.9,1177.8674354553223
2015-06-19,1203.4,1201.6936085522175
2015-06-22,1185.5,1203.181802725792
2015-06-23,1178.0,1185.3607265651226
2015-06-24,1173.8,1177.9230451583862
2015-06-25,1172.7,1173.7583014965057
2015-06-26,1170.5,1172.6648411214353
2015-06-29,1176.0,1170.4602326750755
2015-06-30,1171.0,1175.9242272377014
2015-07-01,1168.0,1170.91708111763
2015-07-02,1165.3,1167.9133253097534
2015-07-03,1168.0,1165.2104695498942
2015-07-06,1166.0,1167.890142440796
2015-07-07,1156.3,1165.8828246593475
2015-07-08,1158.5,1156.2069568514823
2015-07-09,1164.3,1158.3974578082561
2015-07-10,1159.3,1164.1664094507694
2015-07-13,1154.0,1159.1695398330687
2015-07-14,1157.4,1153.8847872018814
2015-07-15,1147.4,1157.2734099268914
2015-07-16,1144.4,1147.300355231762
2015-07-17,1132.8,1144.3109157085419
2015-07-20,1104.6,1132.7424728393555
2015-07-21,1105.6,1104.6276525020598
2015-07-22,1088.6,1105.6152885437011
2015-07-23,1097.4,1088.6269924163817
2015-07-24,1080.8,1097.353624212742
2015-07-27,1100.0,1080.7459510326385
2015-07-28,1096.2,1099.8389720916748
2015-07-29,1090.3,1095.9974503040314
2015-07-30,1087.5,1090.094186347723
2015-07-31,1098.4,1087.2985392808914
2015-08-03,1091.9,1098.1616901397706
2015-08-04,1090.7,1091.6811281859875
2015-08-05,1085.1,1090.4998968005182
2015-08-06,1089.8,1084.9340388178825
2015-08-07,1093.5,1089.6337097167968
2015-08-10,1097.0,1093.3268880844116
2015-08-11,1108.3,1096.8207107782364
2015-08-12,1119.0,1108.0915151834488
2015-08-13,1116.8,1118.765091061592
2015-08-14,1118.3,1116.5921794891358
2015-08-17,1118.8,1118.1236285567284
2015-08-18,1111.5,1118.6580261945724
2015-08-19,1126.2,1111.4144042730331
2015-08-20,1147.7,1126.0947452545167
2015-08-21,1156.5,1147.5300739049912
2015-08-24,1166.5,1156.3043687939644
2015-08-25,1137.5,1166.2957938611507
2015-08-26,1120.8,1137.4298945069313
2015-08-27,1119.0,1120.8451601028441
2015-08-28,1135.0,1119.0835053920746
2015-08-31,1135.0,1135.0244897603989
2015-09-01,1142.3,1134.9865373969078
2015-09-02,1137.8,1142.2349775016307
2015-09-03,1128.0,1137.7268242001533
2015-09-04,1118.3,1127.9523310661316
2015-09-07,1119.5,1118.283869278431
2015-09-08,1121.2,1119.4741097688675
2015-09-09,1109.9,1121.1474726200104
2015-09-10,1109.5,1109.8599761068822
2015-09-11,1100.3,1109.4455077648163
2015-09-14,1104.8,1100.2526490807534
2015-09-15,1106.0,1104.7180810928344
2015-09-16,1117.6,1105.8857558965683
2015-09-17,1117.5,1117.4244717121123
2015-09-18,1141.5,1117.3057705163956
2015-09-21,1133.3,1141.2257359921932
2015-09-22,1122.9,1133.0560096025467
2015-09-23,1131.4,1122.7283244073392
2015-09-24,1154.5,1131.243074810505
2015-09-25,1146.7,1154.2891552448273
2015-09-28,1131.1,1146.527009576559
2015-09-29,1132.1,1131.0155916452406
2015-09-30,1114.0,1132.0518204092978
2015-10-01,1119.0,1114.0249662399292
2015-10-02,1140.8,1119.016807794571
2015-10-05,1139.8,1140.7234354019165
2015-10-06,1147.5,1139.6885827064514
2015-10-07,1144.6,1147.350964397192
2015-10-08,1140.0,1144.4582316160202
2015-10-09,1151.6,1139.887000322342
2015-10-12,1164.9,1151.465738773346
2015-10-13,1165.2,1164.7267635405065
2015-10-14,1173.9,1165.0333862543107
2015-10-15,1184.3,1173.7285737633706
2015-10-16,1180.9,1184.1187960326672
2015-10-19,1175.4,1180.7578180074693
2015-10-20,1177.8,1175.3146677732468
2015-10-21,1167.1,1177.7420830607414
2015-10-22,1167.0,1167.0958261251449
2015-10-23,1161.3,1167.010433793068
2015-10-26,1166.4,1161.3236728549002
2015-10-27,1165.7,1166.394368648529
2015-10-28,1179.6,1165.6709568858148
2015-10-29,1148.6,1179.5029726982116
2015-10-30,1142.4,1148.580146050453
2015-11-02,1134.0,1142.4080348968507
2015-11-03,1123.1,1134.0206830501556
2015-11-04,1114.7,1123.128383398056
2015-11-05,1106.3,1114.7199323892594
2015-11-06,1088.9,1106.3029013872147
2015-11-09,1089.6,1088.9118124365807
2015-11-10,1087.1,1089.564280128479
2015-11-11,1085.9,1087.0140802264214
2015-11-12,1087.4,1085.7657610058786
2015-11-13,1081.5,1087.2180668473245
2015-11-16,1084.8,1081.3069350421429
2015-11-17,1079.2,1084.5813228607178
2015-11-18,1067.8,1078.9902350902557
2015-11-19,1082.6,1067.6314658164977
2015-11-20,1081.8,1082.3888644218443
2015-11-23,1070.5,1081.5823789715766
2015-11-24,1076.4,1070.326254159212
2015-11-25,1068.0,1076.223115181923
2015-11-26,1071.0,1067.856388092041
2015-11-27,1057.4,1070.857006072998
2015-11-30,1061.9,1057.3038854241372
2015-12-01,1065.4,1061.7958177924156
2015-12-02,1055.4,1065.2745184898376
2015-12-03,1055.5,1055.2969587564469
2015-12-04,1079.3,1055.3960053026676
2015-12-07,1075.8,1079.1086144030094
2015-12-08,1072.1,1075.6012838244437
2015-12-09,1081.0,1071.924780333042
2015-12-10,1071.0,1080.8166247606277
2015-12-11,1072.5,1070.866326212883
2015-12-14,1068.3,1072.3880656063557
2015-12-15,1061.5,1068.2168396115303
2015-12-16,1075.3,1061.4498266279697
2015-12-17,1049.4,1075.208795839548
2015-12-18,1062.5,1049.3801093816758
2015-12-21,1078.8,1062.4446496367455
2015-12-22,1074.9,1078.6683748483658
2015-12-23,1068.3,1074.7578308165075
2015-12-24,1068.3,1068.1816906571387
2015-12-25,1068.3,1068.1936616778373
2015-12-28,1068.3,1068.2005386471749
2015-12-29,1070.1,1068.2038497805595
2015-12-30,1060.0,1069.9990316212177
2015-12-31,1060.0,1059.9317646026611
2016-01-01,1060.0,1059.9367558956146
2016-01-04,1082.3,1059.9307537078857
2016-01-05,1077.0,1082.1462079048156
2016-01-06,1091.4,1076.8432377576828
2016-01-07,1106.4,1091.2032812118532
2016-01-08,1101.9,1106.1613393306734
2016-01-11,1100.8,1101.6965284466744
2016-01-12,1085.4,1100.6436447143553
2016-01-13,1088.2,1085.337698829174
2016-01-14,1088.4,1088.1691906571389
2016-01-15,1093.8,1088.3804730176926
2016-01-18,1089.2,1093.761469423771
2016-01-19,1086.3,1089.1657864332199
2016-01-20,1101.8,1086.2693091988563
2016-01-21,1096.5,1101.7103571772575
2016-01-22,1096.3,1096.4085009098053
2016-01-25,1106.6,1096.2089096665381
2016-01-26,1113.6,1106.4765256881713
2016-01-27,1116.3,1113.4507873535156
2016-01-28,1114.0,1116.1472983539104
2016-01-29,1111.8,1113.8713176250458
2016-02-01,1126.5,1111.701723897457
2016-02-02,1128.5,1126.3735666573048
2016-02-03,1132.0,1128.373274922371
2016-02-04,1156.4,1131.8774700164795
2016-02-05,1150.4,1156.2150004386904
2016-02-08,1193.3,1150.2451022148134
2016-02-09,1191.0,1193.039962530136
2016-02-10,1190.0,1190.7663747668266
2016-02-11,1241.0,1189.8309749364853
2016-02-12,1239.8,1240.7314172387123
2016-02-15,1208.2,1239.5741682052612
2016-02-16,1209.5,1208.1591678738594
2016-02-17,1210.0,1209.5526270270348
2016-02-18,1210.1,1210.0988066196442
2016-02-19,1231.2,1210.2129517912863
2016-02-22,1211.0,1231.2390409469606
2016-02-23,1221.4,1211.0740579366684
2016-02-24,1250.8,1221.4375653743746
2016-02-25,1236.0,1250.7191094636917
2016-02-26,1226.5,1235.9353902339935
2016-02-29,1234.9,1226.4769718945026
2016-03-01,1236.5,1234.8625346601011
2016-03-02,1239.2,1236.452094256878
2016-03-03,1250.3,1239.1383990287782
2016-03-04,1277.5,1250.197306358814
2016-03-07,1267.9,1277.3007287085056
2016-03-08,1267.0,1267.727996468544
2016-03-09,1246.4,1266.865500509739
2016-03-10,1266.5,1246.3686491012575
2016-03-11,1264.8,1266.4405144453049
2016-03-14,1242.8,1264.742102050781
2016-03-15,1232.0,1242.8155560970306
2016-03-16,1228.5,1232.0603618621826
2016-03-17,1266.5,1228.5596045851707
2016-03-18,1252.1,1266.4016374647617
2016-03-21,1244.9,1251.9863370239734
2016-03-22,1252.5,1244.7978240907194
2016-03-23,1217.6,1252.3709964752197
2016-03-24,1221.0,1217.5782276153564
2016-03-25,1221.0,1220.980932354927
2016-03-28,1221.0,1220.9577164053917
2016-03-29,1226.0,1220.9246755242348
2016-03-30,1236.3,1225.8754066228867
2016-03-31,1237.0,1236.1115029692648
2016-04-01,1213.6,1236.7886871099472
2016-04-04,1219.8,1213.4686374664307
2016-04-05,1231.3,1219.6705837726593
2016-04-06,1221.4,1231.1304663300514
2016-04-07,1242.1,1221.254543375969
2016-04-08,1239.5,1241.893146407604
2016-04-11,1254.8,1239.296239078045
2016-04-12,1254.6,1254.5615633964537
2016-04-13,1245.8,1254.3784268975257
2016-04-14,1233.9,1245.6413160681725
2016-04-15,1227.1,1233.821084958315
2016-04-18,1234.3,1227.074473839998
2016-04-19,1255.4,1234.2606400430202
2016-04-20,1252.0,1255.2763098597527
2016-04-21,1249.3,1251.8623914718628
2016-04-22,1243.3,1249.173038738966
2016-04-25,1238.9,1243.2038839280606
2016-04-26,1241.7,1238.8309556782247
2016-04-27,1247.4,1241.6269510567188
2016-04-28,1256.0,1247.3017825484276
2016-04-29,1285.7,1255.862850189209
2016-05-02,1285.7,1285.4559216916562
2016-05-03,1294.0,1285.4489480257034
2016-05-04,1283.0,1293.7534976005554
2016-05-05,1280.3,1282.8336717486382
2016-05-06,1289.0,1280.1988868296146
2016-05-09,1265.3,1288.9114145636559
2016-05-10,1262.8,1265.3076926112174
2016-05-11,1276.9,1262.8409461975098
2016-05-12,1279.3,1276.8890402793886
2016-05-13,1265.9,1279.2497497856616
2016-05-16,1285.8,1265.8702713131906
2016-05-17,1277.0,1285.6970729470252
2016-05-18,1272.9,1276.8999086022377
2016-05-19,1246.3,1272.811079478264
2016-05-20,1254.2,1246.2983657240868
2016-05-23,1245.9,1254.1792177915574
2016-05-24,1236.9,1245.8776473104954
2016-05-25,1220.6,1236.8791358292103
2016-05-26,1223.9,1220.6027646303176
2016-05-27,1216.3,1223.8613364338876
2016-05-30,1216.3,1216.2385224342345
2016-05-31,1212.1,1216.1975615561007
2016-06-01,1214.5,1211.9716174542903
2016-06-02,1212.4,1214.3332861959934
2016-06-03,1240.5,1212.214496588707
2016-06-06,1244.0,1240.204537510872
2016-06-07,1241.0,1243.6733031272888
2016-06-08,1263.0,1240.7016075849533
2016-06-09,1263.9,1262.6668830513954
2016-06-10,1275.5,1263.5988134264946
2016-06-13,1280.8,1275.2149035334587
2016-06-14,1287.2,1280.5515843391418
2016-06-15,1283.3,1286.9889347553253
2016-06-16,1310.8,1283.157727408409
2016-06-17,1290.7,1310.622098517418
2016-06-20,1281.8,1290.6169906795026
2016-06-21,1272.6,1281.7989303827285
2016-06-22,1264.9,1272.661744236946
2016-06-23,1262.2,1264.9954486966135
2016-06-24,1315.5,1262.2896777153017
2016-06-27,1324.6,1315.3833260536194
2016-06-28,1309.7,1324.3834338068962
2016-06-29,1321.5,1309.5219355523586
2016-06-30,1320.8,1321.3180469870567
2016-07-01,1340.0,1320.6485315322875
2016-07-04,1350.8,1339.8198926448822
2016-07-05,1350.8,1350.606927537918
2016-07-06,1366.3,1350.6395356893538
2016-07-07,1356.7,1366.1329710185528
2016-07-08,1354.3,1356.6003735542297
2016-07-11,1357.1,1354.2562483668328
2016-07-12,1342.4,1357.0805056393147
2016-07-13,1342.8,1342.442567062378
2016-07-14,1323.6,1342.8523442745209
2016-07-15,1327.0,1323.699878168106
2016-07-18,1334.7,1327.0719767808914
2016-07-19,1330.9,1334.7028639554978
2016-07-20,1315.9,1330.8640644967556
2016-07-21,1321.2,1315.8766267418862
2016-07-22,1320.8,1321.136370277405
2016-07-25,1313.2,1320.7030097961426
2016-07-26,1323.0,1313.1001238822937
2016-07-27,1329.0,1322.849935233593
2016-07-28,1341.8,1328.8063995838165
2016-07-29,1342.0,1341.5511899590492
2016-08-01,1349.7,1341.749153137207
2016-08-02,1363.8,1349.4442545711995
2016-08-03,1358.9,1363.5235367417336
2016-08-04,1362.8,1358.6703742086888
2016-08-05,1340.4,1362.60521235466
2016-08-08,1336.8,1340.3208249807358
2016-08-09,1341.0,1336.7783271789551
2016-08-10,1347.7,1340.9779393672943
2016-08-11,1355.0,1347.6444925367832
2016-08-12,1352.2,1354.899933040142
2016-08-15,1339.4,1352.0917576909067
2016-08-16,1344.0,1339.330703687668
2016-08-17,1343.4,1343.9209327697754
2016-08-18,1350.1,1343.3128006339075
2016-08-19,1346.4,1349.9803377926348
2016-08-22,1335.9,1346.279863214493
2016-08-23,1342.0,1335.812411570549
2016-08-24,1327.3,1341.8954538106918
2016-08-25,1321.3,1327.2329910814763
2016-08-26,1318.8,1321.2506989836693
2016-08-29,1318.8,1318.7454470157622
2016-08-30,1318.2,1318.7218650341033
2016-08-31,1309.3,1318.0958936333657
2016-09-01,1309.5,1309.2004985392093
2016-09-02,1324.7,1309.3835459947586
2016-09-05,1326.4,1324.512316185236
2016-09-06,1337.3,1326.1819536209107
2016-09-07,1348.4,1337.0415027678011
2016-09-08,1343.4,1348.1100217819214
2016-09-09,1330.9,1343.1476903557777
2016-09-12,1324.6,1330.7311903953553
2016-09-13,1323.7,1324.4968882799149
2016-09-14,1321.8,1323.6265453398228
2016-09-15,1310.8,1321.7391776561738
2016-09-16,1308.4,1310.770154428482
2016-09-19,1314.9,1308.3698971271515
2016-09-20,1313.8,1314.8270336687565
2016-09-21,1326.1,1313.6996083974839
2016-09-22,1339.1,1325.9364626824854
2016-09-23,1338.7,1338.8717245817184
2016-09-26,1340.5,1338.4662072777749
2016-09-27,1327.0,1340.278756827116
2016-09-28,1322.5,1326.8516961932182
2016-09-29,1318.1,1322.4024119973183
2016-09-30,1322.5,1318.0362838804722
2016-10-03,1313.3,1322.426296621561
2016-10-04,1283.3,1313.2452831327914
2016-10-05,1269.4,1283.3356446385383
2016-10-06,1254.5,1269.4764187574388
2016-10-07,1258.8,1254.5906261205673
2016-10-10,1259.5,1258.8226591587065
2016-10-11,1253.5,1259.4435458183289
2016-10-12,1256.5,1253.393531948328
2016-10-13,1261.1,1256.3318646848202
2016-10-14,1251.8,1260.8741219103335
2016-10-17,1254.8,1251.5786975622177
2016-10-18,1258.2,1254.5648542404174
2016-10-19,1269.1,1257.9507180690766
2016-10-20,1271.7,1268.8164853334426
2016-10-21,1266.1,1271.4149191081524
2016-10-24,1265.6,1265.8573031425476
2016-10-25,1269.4,1265.3937589645384
2016-10-26,1270.5,1269.210617673397
2016-10-27,1266.3,1270.3283253014088
2016-10-28,1273.0,1266.1618009507656
2016-10-31,1272.0,1272.858414053917
2016-11-01,1288.5,1271.8696703910828
2016-11-02,1303.8,1288.3252786695957
2016-11-03,1301.0,1303.5755661964415
2016-11-04,1302.8,1300.7965977787971
2016-11-07,1283.1,1302.6259797811508
2016-11-08,1282.4,1283.0279570460318
2016-11-09,1281.4,1282.3719476222993
2016-11-10,1267.5,1281.3873213529587
2016-11-11,1236.5,1267.5270465016365
2016-11-14,1213.6,1236.617479622364
2016-11-15,1227.0,1213.7749089241026
2016-11-16,1229.2,1227.0867379903793
2016-11-17,1226.8,1229.1894496917726
2016-11-18,1211.0,1226.715908575058
2016-11-21,1214.3,1210.9084020256996
2016-11-22,1212.3,1214.1611791491507
2016-11-23,1185.4,1212.128746855259
2016-11-24,1186.1,1185.2923919081688
2016-11-25,1187.7,1185.9834205329416
2016-11-28,1187.0,1187.5497784495353
2016-11-29,1186.6,1186.820293188095
2016-11-30,1178.1,1186.3972260594367
2016-12-01,1161.9,1177.9108969151973
2016-12-02,1173.5,1161.7625295460225
2016-12-05,1162.2,1173.324575304985
2016-12-06,1172.5,1162.0428206562997
2016-12-07,1177.7,1172.3020815849304
2016-12-08,1171.1,1177.4692644655704
2016-12-09,1163.6,1170.8876592755316
2016-12-12,1156.1,1163.426055240631
2016-12-13,1158.6,1155.9669368565083
2016-12-14,1162.3,1158.4684446215629
2016-12-15,1127.0,1162.1520211696625
2016-12-16,1131.6,1126.962852537632
2016-12-19,1136.3,1131.5605425596236
2016-12-20,1125.7,1136.2195382356642
2016-12-21,1133.7,1125.619416564703
2016-12-22,1131.4,1133.5694474458694
2016-12-23,1131.4,1131.247188448906
2016-12-26,1131.4,1131.2311385154726
2016-12-27,1131.4,1131.2225066185
2016-12-28,1134.6,1131.2203486442568
2016-12-29,1145.9,1134.412130999565
2016-12-30,1145.9,1145.678363376856
2017-01-02,1145.9,1145.6837591528893
2017-01-03,1151.0,1145.7042494416237
2017-01-04,1164.3,1150.8127771019936
2017-01-05,1176.7,1164.090904766321
2017-01-06,1175.9,1176.4686888813974
2017-01-09,1178.5,1175.6984938323499
2017-01-10,1189.5,1178.3324678838253
2017-01-11,1178.6,1189.337568730116
2017-01-12,1205.1,1178.506567454338
2017-01-13,1190.4,1204.9607943177223
2017-01-16,1203.0,1190.3222351074219
2017-01-17,1216.1,1202.9166795015335
2017-01-18,1214.8,1215.98946005702
2017-01-19,1196.1,1214.7061595916748
2017-01-20,1200.6,1196.091801291704
2017-01-23,1212.9,1200.6083011150358
2017-01-24,1216.8,1212.8705761492254
2017-01-25,1195.0,1216.7439366817473
2017-01-26,1189.7,1195.0076925754547
2017-01-27,1184.9,1189.7344630599023
2017-01-30,1192.8,1184.9394090533258
2017-01-31,1212.8,1192.7891933441163
2017-02-01,1203.7,1212.6849166870118
2017-02-02,1222.0,1203.5758792281151
2017-02-03,1215.2,1221.8104784488678
2017-02-06,1226.8,1215.0271058559417
2017-02-07,1231.0,1226.6081984281539
2017-02-08,1242.1,1230.810476720333
2017-02-09,1236.8,1241.8982548177241
2017-02-10,1228.3,1236.6420938491822
2017-02-13,1222.3,1228.2087773680687
2017-02-14,1230.8,1222.2632812023162
2017-02-15,1224.4,1230.7544425725937
2017-02-16,1240.6,1224.370881009102
2017-02-17,1242.0,1240.5157021045684
2017-02-20,1237.3,1241.893472313881
2017-02-21,1233.2,1237.2059702455997
2017-02-22,1236.7,1233.1270100831987
2017-02-23,1247.9,1236.621937865019
2017-02-24,1253.7,1247.7824042141438
2017-02-27,1257.2,1253.5557034313679
2017-02-28,1255.6,1257.0465332031251
2017-03-01,1240.4,1255.4641661405562
2017-03-02,1238.1,1240.3343469619751
2017-03-03,1226.5,1238.066201198101
2017-03-06,1231.0,1226.5078953504562
2017-03-07,1216.7,1230.9876732826233
2017-03-08,1209.2,1216.7076872229577
2017-03-09,1206.6,1209.2105227947236
2017-03-10,1202.7,1206.587917613983
2017-03-13,1204.2,1202.6608591675758
2017-03-14,1204.6,1204.1165963888168
2017-03-15,1198.8,1204.476504421234
2017-03-16,1229.4,1198.6661665678023
2017-03-17,1229.6,1229.145798790455
2017-03-20,1232.4,1229.317174386978
2017-03-21,1241.6,1232.1193951606751
2017-03-22,1249.1,1241.3181144714354
2017-03-23,1247.5,1248.827951800823
2017-03-24,1247.5,1247.275665551424
2017-03-27,1257.6,1247.3258563876152
2017-03-28,1257.3,1257.4366647720335
2017-03-29,1251.1,1257.1683288037777
2017-03-30,1248.8,1251.020432347059
2017-03-31,1244.9,1248.7564559459686
2017-04-03,1247.3,1244.8838240027428
2017-04-04,1257.7,1247.2793321251868
2017-04-05,1245.8,1257.6350805163383
2017-04-06,1252.5,1245.7562635302543
2017-04-07,1266.5,1252.4326613545418
2017-04-10,1250.1,1266.3739328980446
2017-04-11,1252.9,1250.0140879333019
2017-04-12,1274.3,1252.8162105441095
2017-04-13,1284.2,1274.1449015259743
2017-04-14,1284.2,1283.999147796631
2017-04-17,1284.2,1284.0057306051256
2017-04-18,1279.0,1284.0327507376671
2017-04-19,1279.1,1278.8826753497124
2017-04-20,1282.1,1279.0143821418285
2017-04-21,1281.9,1282.0240393996237
2017-04-24,1269.4,1281.8329144835473
2017-04-25,1267.8,1269.3781336426737
2017-04-26,1261.9,1267.7893450856209
2017-04-27,1262.8,1261.8978187620642
2017-04-28,1266.5,1262.7774193763732
2017-05-01,1266.5,1266.4383252561092
2017-05-02,1255.5,1266.4097148180008
2017-05-03,1250.3,1255.425390869379
2017-05-04,1228.5,1250.2335993945599
2017-05-05,1228.1,1228.4915792047977
2017-05-08,1229.8,1228.0819926857948
2017-05-09,1220.4,1229.7411386609076
2017-05-10,1223.0,1220.3298771858217
2017-05-11,1223.2,1222.8885412812233
2017-05-12,1231.3,1223.0527979373933
2017-05-15,1233.3,1231.0988347232342
2017-05-16,1234.2,1233.0717501819133
2017-05-17,1257.4,1233.965698492527
2017-05-18,1255.9,1257.0961653470995
2017-05-19,1252.0,1255.6086547136308
2017-05-22,1258.9,1251.7588865756989
2017-05-23,1260.2,1258.6821696579457
2017-05-24,1252.6,1260.014994776249
2017-05-25,1257.0,1252.4762870907782
2017-05-26,1265.1,1256.8960817456245
2017-05-29,1265.1,1264.9861371874808
2017-05-30,1262.7,1264.9933007419108
2017-05-31,1266.2,1262.612243592739
2017-06-01,1264.9,1266.1123022317886
2017-06-02,1275.0,1264.8212133586408
2017-06-05,1280.0,1274.8925417661667
2017-06-06,1293.5,1279.8731231689453
2017-06-07,1291.0,1293.332233428955
2017-06-08,1273.1,1290.8469472527504
2017-06-09,1266.6,1273.0304155886172
2017-06-12,1266.4,1266.584447979927
2017-06-13,1262.0,1266.3959993839264
2017-06-14,1275.5,1261.9999247789383
2017-06-15,1254.6,1275.437278777361
2017-06-16,1255.4,1254.5736026644706
2017-06-19,1248.2,1255.3625113368034
2017-06-20,1242.2,1248.1631727337838
2017-06-21,1242.5,1242.1600919604302
2017-06-22,1250.8,1242.433421164751
2017-06-23,1255.7,1250.6748246908187
2017-06-26,1245.3,1255.5264331638814
2017-06-27,1249.6,1245.143383848667
2017-06-28,1248.0,1249.4316707611083
2017-06-29,1243.5,1247.8355312347412
2017-06-30,1242.3,1243.3540609180927
2017-07-03,1229.3,1242.1644202172756
2017-07-04,1223.8,1229.2098754525184
2017-07-05,1220.3,1223.7325995922088
2017-07-06,1224.9,1220.2356290400028
2017-07-07,1215.7,1224.8015828847886
2017-07-10,1211.9,1215.6055828392507
2017-07-11,1211.1,1211.8024106919765
2017-07-12,1218.8,1210.9873158037663
2017-07-13,1218.9,1218.6420672893523
2017-07-14,1230.3,1218.7208399176598
2017-07-17,1234.1,1230.0748720049858
2017-07-18,1240.8,1233.8585823416709
2017-07-19,1242.2,1240.549136352539
2017-07-20,1238.7,1241.9671414017678
2017-07-21,1248.6,1238.5115800380706
2017-07-24,1255.6,1248.4149115920065
2017-07-25,1254.4,1255.416119122505
2017-07-26,1248.1,1254.2450805664064
2017-07-27,1261.1,1247.9963711678981
2017-07-28,1264.9,1260.9826636612415
2017-07-31,1267.6,1264.7800482809544
2017-08-01,1271.0,1267.484249973297
2017-08-02,1269.6,1270.888484954834
2017-08-03,1268.1,1269.5084343910216
2017-08-04,1257.7,1268.0300841987132
2017-08-07,1258.0,1257.676610994339
2017-08-08,1261.8,1257.9856783151627
2017-08-09,1271.1,1261.7658550500869
2017-08-10,1284.4,1271.018175458908
2017-08-11,1286.1,1284.2543900966646
2017-08-14,1282.3,1285.9361828505992
2017-08-15,1270.3,1282.1573796868324
2017-08-16,1272.8,1270.2179240942
2017-08-17,1285.2,1272.7330113887786
2017-08-18,1295.8,1285.0962017297745
2017-08-21,1292.9,1295.6524025797844
2017-08-22,1284.2,1292.7588979303837
2017-08-23,1286.7,1284.1020998597146
2017-08-24,1289.0,1286.6138734281064
2017-08-25,1285.3,1288.9131816625595
2017-08-28,1285.3,1285.2263779342175
2017-08-29,1318.7,1285.2283697903156
2017-08-30,1308.5,1318.5144238770008
2017-08-31,1311.8,1308.3277141749859
2017-09-01,1320.4,1311.637444293499
2017-09-04,1333.1,1320.2317351818085
2017-09-05,1335.6,1332.9099341869353
2017-09-06,1337.9,1335.4230314970016
2017-09-07,1343.5,1337.7483249068262
2017-09-08,1346.3,1343.3646667599678
2017-09-11,1334.2,1346.1854893386364
2017-09-12,1326.5,1334.1529214859008
2017-09-13,1327.6,1326.5074321627617
2017-09-14,1324.6,1327.6159844875335
2017-09-15,1322.9,1324.615316748619
2017-09-18,1312.1,1322.9023655295373
2017-09-19,1309.6,1312.1131388187407
2017-09-20,1311.3,1309.5989071846006
2017-09-21,1292.1,1311.2618581295012
2017-09-22,1294.8,1292.0889098167418
2017-09-25,1293.3,1294.7577846765519
2017-09-26,1300.1,1293.2244550466537
2017-09-27,1282.6,1299.9659388422965
2017-09-28,1283.4,1282.4909073948859
2017-09-29,1283.1,1283.277987921238
2017-10-02,1273.7,1282.9598909854888
2017-10-03,1271.3,1273.5730643749237
2017-10-04,1274.3,1271.1708029687404
2017-10-05,1274.5,1274.1461167931557
2017-10-06,1261.8,1274.328088670969
2017-10-09,1278.8,1261.6595845341683
2017-10-10,1291.4,1278.603041267395
2017-10-11,1289.3,1291.1440633177758
2017-10-12,1290.3,1289.047246044874
2017-10-13,1299.6,1290.064815723896
2017-10-16,1303.3,1299.3611840486526
2017-10-17,1284.8,1303.0741762936116
2017-10-18,1280.2,1284.6678228378296
2017-10-19,1286.4,1280.125372862816
2017-10-20,1281.2,1286.3246280670166
2017-10-23,1274.9,1281.1387548923492
2017-10-24,1276.5,1274.8556218624117
2017-10-25,1275.0,1276.4422512352467
2017-10-26,1273.8,1274.9291718006134
2017-10-27,1266.5,1273.7154202222823
2017-10-30,1272.0,1266.4230764210224
2017-10-31,1270.2,1271.893325328827
2017-11-01,1277.1,1270.0800756454469
2017-11-02,1279.2,1276.9451696991919
2017-11-03,1267.2,1279.0266922473909
2017-11-06,1270.9,1267.0660835266115
2017-11-07,1275.6,1270.7662985265256
2017-11-08,1284.0,1275.4514340877531
2017-11-09,1284.8,1283.821449995041
2017-11-10,1284.3,1284.6186584472655
2017-11-13,1278.0,1284.1320487618445
2017-11-14,1274.6,1277.8701220750809
2017-11-15,1282.2,1274.5007044911383
2017-11-16,1280.0,1282.086432337761
2017-11-17,1284.4,1279.891357421875
2017-11-20,1286.2,1284.2785053014757
2017-11-21,1283.3,1286.0713586568834
2017-11-22,1287.0,1283.1829693198204
2017-11-23,1290.4,1286.877492249012
2017-11-24,1290.5,1290.268708086014
2017-11-27,1294.9,1290.371467024088
2017-11-28,1291.9,1294.763773673773
2017-11-29,1283.9,1291.7796439349652
2017-11-30,1280.2,1283.8169688522817
2017-12-01,1275.5,1280.140252506733
2017-12-04,1273.5,1275.4560571312904
2017-12-05,1266.3,1273.4546079039574
2017-12-06,1263.7,1266.2619594097137
2017-12-07,1255.0,1263.652772861719
2017-12-08,1250.7,1254.9575114250183
2017-12-11,1247.2,1250.648934942484
2017-12-12,1240.9,1247.1326489448547
2017-12-13,1242.7,1240.823891657591
2017-12-14,1251.0,1242.590745729208
2017-12-15,1254.6,1250.832898914814
2017-12-18,1260.6,1254.39345767498
2017-12-19,1260.4,1260.3619640350341
2017-12-20,1264.6,1260.1642555713654
2017-12-21,1264.6,1264.366560423374
2017-12-22,1264.6,1264.387439584732
2017-12-25,1264.6,1264.4135950684547
2017-12-26,1264.6,1264.4390721678733
2017-12-27,1279.4,1264.4609312176703
2017-12-28,1291.0,1279.22880038023
2017-12-29,1291.0,1290.7958527207375
2018-01-01,1291.0,1290.8093958497047
2018-01-02,1312.1,1290.8393292427063
2018-01-03,1314.9,1311.9020574390888
2018-01-04,1314.5,1314.7129209101201
2018-01-05,1317.2,1314.3499591648579
2018-01-08,1320.0,1317.0819976091386
2018-01-09,1311.0,1319.9070024490356
2018-01-10,1319.8,1310.9630389809608
2018-01-11,1323.1,1319.7592509031294
2018-01-12,1326.8,1323.0512627243995
2018-01-15,1339.3,1326.7392639160155
2018-01-16,1333.9,1339.19750020504
2018-01-17,1335.7,1333.811986154318
2018-01-18,1332.2,1335.618793797493
2018-01-19,1335.0,1332.1398107767106
2018-01-22,1332.6,1334.9396046996117
2018-01-23,1333.4,1332.547735619545
2018-01-24,1353.7,1333.3442867398262
2018-01-25,1355.0,1353.5717886626721
2018-01-26,1353.2,1354.851151406765
2018-01-29,1343.9,1353.062883090973
2018-01-30,1344.9,1343.8106054067612
2018-01-31,1345.1,1344.8280944287778
2018-02-01,1341.4,1345.0338562786578
2018-02-02,1331.2,1341.344672060013
2018-02-05,1333.6,1331.1741333007812
2018-02-06,1331.4,1333.560653066635
2018-02-07,1324.7,1331.3473065376284
2018-02-08,1315.5,1324.6480454564096
2018-02-09,1314.1,1315.459618896246
2018-02-12,1322.3,1314.045014822483
2018-02-13,1325.4,1322.1898163199423
2018-02-14,1336.3,1325.2463450074197
2018-02-15,1352.5,1336.088689380884
2018-02-16,1352.1,1352.2217966616154
2018-02-19,1346.6,1351.8253443717956
2018-02-20,1339.9,1346.3745395064352
2018-02-21,1330.5,1339.7393131017686
2018-02-22,1328.4,1330.4082452952862
2018-02-23,1328.0,1328.3406950712206
2018-02-26,1333.5,1327.946491241455
2018-02-27,1325.8,1333.4190865159035
2018-02-28,1317.9,1325.7266658782958
2018-03-01,1307.8,1317.8432847619058
2018-03-02,1322.3,1307.765935432911
2018-03-05,1320.4,1322.2029784619808
2018-03-06,1331.4,1320.2747064590455
2018-03-07,1329.4,1331.2188265442849
2018-03-08,1321.0,1329.2099070429804
2018-03-09,1320.6,1320.8422095775604
2018-03-12,1319.2,1320.4582362771034
2018-03-13,1322.8,1319.0704170227052
2018-03-14,1323.6,1322.6620212078094
2018-03-15,1318.8,1323.4573619842529
2018-03-16,1310.1,1318.6736791849137
2018-03-19,1312.4,1310.0071533143519
2018-03-20,1311.0,1312.303470182419
2018-03-21,1321.4,1310.8990409374237
2018-03-22,1329.2,1321.254212319851
2018-03-23,1346.6,1329.012708568573
2018-03-26,1352.4,1346.3488551497458
2018-03-27,1341.5,1352.132618880272
2018-03-28,1332.5,1341.2969824969769
2018-03-29,1323.9,1332.3741936683655
2018-03-30,1323.9,1323.8419218063354
2018-04-02,1323.9,1323.8637011289597
2018-04-03,1333.5,1323.861965095997
2018-04-04,1337.3,1333.4169404804707
2018-04-05,1327.7,1337.1821099579333
2018-04-06,1331.2,1327.6010786414147
2018-04-09,1332.0,1331.0916137695312
2018-04-10,1339.0,1331.8840062618256
2018-04-11,1350.8,1338.8569793701172
2018-04-12,1341.4,1350.612885570526
2018-04-13,1343.7,1341.2438504815102
2018-04-16,1349.4,1343.5567176282407
2018-04-17,1342.1,1349.2523295879364
2018-04-18,1351.5,1341.9864065408706
2018-04-19,1348.6,1351.3714331388474
2018-04-20,1336.8,1348.4840879678725
2018-04-23,1324.3,1336.732033395767
2018-04-24,1328.9,1324.2843709826468
2018-04-25,1321.7,1328.8699007272721
2018-04-26,1320.7,1321.6701425850392
2018-04-27,1321.5,1320.6506426513195
2018-04-30,1313.2,1321.419735878706
2018-05-01,1307.1,1313.1189876317978
2018-05-02,1304.2,1307.019987219572
2018-05-03,1315.1,1304.109981274605
2018-05-04,1309.4,1314.9509096980094
2018-05-07,1309.4,1309.2413318276406
2018-05-08,1306.6,1309.2314979910852
2018-05-09,1313.9,1306.4353628873823
2018-05-10,1318.8,1313.710400491953
2018-05-11,1324.4,1318.5902775764464
2018-05-14,1319.9,1324.1752567052843
2018-05-15,1295.0,1319.7020608186722
2018-05-16,1291.3,1294.9088409543037
2018-05-17,1289.5,1291.251895326376
2018-05-18,1288.3,1289.458034336567
2018-05-21,1288.4,1288.2436371207236
2018-05-22,1293.1,1288.3171386003496
2018-05-23,1289.0,1292.9739827573298
2018-05-24,1304.9,1288.8621662855148
2018-05-25,1303.5,1304.6965324878693
2018-05-28,1303.5,1303.2859512269497
2018-05-29,1295.5,1303.2933322191238
2018-05-30,1300.7,1295.336761534214
2018-05-31,1305.4,1300.5417658388615
2018-06-01,1294.6,1305.2363699793816
2018-06-04,1295.5,1294.480164039135
2018-06-05,1292.1,1295.393439412117
2018-06-06,1300.1,1292.0084289729593
2018-06-07,1297.3,1299.9818247020244
2018-06-08,1298.3,1297.1812286376953
2018-06-11,1299.6,1298.1763392329215
2018-06-12,1298.7,1299.4704832077025
2018-06-13,1296.2,1298.5730499744416
2018-06-14,1302.8,1296.0835698723793
2018-06-15,1285.3,1302.6648062467575
2018-06-18,1281.6,1285.2201725363732
2018-06-19,1276.2,1281.5427844047545
2018-06-20,1274.2,1276.155196273327
2018-06-21,1266.2,1274.1472919225694
2018-06-22,1269.2,1266.1506417036057
2018-06-25,1268.7,1269.1183734178544
2018-06-26,1260.3,1268.5898210585117
2018-06-27,1254.6,1260.1931797385216
2018-06-28,1251.6,1254.4974766373634
2018-06-29,1250.5,1251.4923505067825
2018-07-02,1247.8,1250.378059744835
2018-07-03,1251.8,1247.668059325218
2018-07-04,1255.7,1251.6385372638701
2018-07-05,1255.5,1255.5094432234764
2018-07-06,1255.4,1255.3012418746948
2018-07-09,1262.1,1255.2037270188332
2018-07-10,1254.0,1261.8894395649431
2018-07-11,1251.4,1253.8250985145569
2018-07-12,1245.9,1251.2537304759026
2018-07-13,1241.7,1245.78623149395
2018-07-16,1241.1,1241.6091143846513
2018-07-17,1232.8,1241.0111556351185
2018-07-18,1224.5,1232.7298995018004
2018-07-19,1217.6,1224.4485449492931
2018-07-20,1228.8,1217.557253551483
2018-07-23,1225.0,1228.698486328125
2018-07-24,1228.4,1224.875508248806
2018-07-25,1231.5,1228.2440449237824
2018-07-26,1228.3,1231.3184006810188
2018-07-27,1224.0,1228.1226796030999
2018-07-30,1223.8,1223.8421230316162
2018-07-31,1221.0,1223.651558625698
2018-08-01,1219.0,1220.865580379963
2018-08-02,1215.5,1218.875900030136
2018-08-03,1216.3,1215.3880656063557
2018-08-06,1209.7,1216.1840770900249
2018-08-07,1212.4,1209.599487388134
2018-08-08,1209.6,1212.286833524704
2018-08-09,1214.4,1209.4854366302488
2018-08-10,1214.4,1214.2618915557862
2018-08-13,1200.4,1214.2521197319031
2018-08-14,1197.0,1200.2961817979813
2018-08-15,1182.0,1196.9150973558426
2018-08-16,1180.4,1181.96033513546
2018-08-17,1178.4,1180.3588409662248
2018-08-20,1184.4,1178.340438079834
2018-08-21,1191.0,1184.2898000478745
2018-08-22,1196.7,1190.8342403769493
2018-08-23,1192.4,1196.49100638628
2018-08-24,1197.7,1192.1970167160034
2018-08-27,1197.7,1197.489618140459
2018-08-28,1212.3,1197.501254463196
2018-08-29,1204.2,1212.0702895581721
2018-08-30,1197.3,1204.0113729000093
2018-08-31,1202.5,1197.1663340270518
2018-09-03,1200.1,1202.3780815303326
2018-09-04,1190.9,1199.998353689909
2018-09-05,1196.7,1190.838812506199
2018-09-06,1205.2,1196.6277438461782
2018-09-07,1198.9,1205.0909536838533
2018-09-10,1196.6,1198.7998130679132
2018-09-11,1189.9,1196.5087779879568
2018-09-12,1195.6,1189.8312750637533
2018-09-13,1209.8,1195.5122035980223
2018-09-14,1202.0,1209.6532567620277
2018-09-17,1201.9,1201.8647346496582
2018-09-18,1200.2,1201.772984367609
2018-09-19,1203.3,1200.0861838459969
2018-09-20,1208.4,1203.1828775346278
2018-09-21,1198.7,1208.268119931221
2018-09-24,1202.8,1198.6015445351602
2018-09-25,1201.9,1202.698985314369
2018-09-26,1194.3,1201.801854813099
2018-09-27,1185.4,1194.226892155409
2018-09-28,1187.3,1185.3582426905632
2018-10-01,1189.4,1187.2484804630278
2018-10-02,1204.7,1189.3235765218735
2018-10-03,1201.2,1204.5519366145134
2018-10-04,1203.5,1201.0406964540482
2018-10-05,1203.8,1203.3336484134197
2018-10-08,1187.0,1203.639777624607
2018-10-09,1185.6,1186.9081655740738
2018-10-10,1188.6,1185.5334314346312
2018-10-11,1205.6,1188.5244780778885
2018-10-12,1219.8,1205.4562812805175
2018-10-15,1230.0,1219.5886443972588
2018-10-16,1230.7,1229.7492671012878
2018-10-17,1229.1,1230.4642356276513
2018-10-18,1223.0,1228.9083516597748
2018-10-19,1227.9,1222.8733788132668
2018-10-22,1222.3,1227.7984143018723
2018-10-23,1236.0,1222.2395305514335
2018-10-24,1230.6,1235.912920475006
2018-10-25,1230.8,1230.5298045516013
2018-10-26,1233.9,1230.7377895355223
2018-10-29,1230.8,1233.8314549684526
2018-10-30,1225.4,1230.7405039072037
2018-10-31,1215.0,1225.3589517831804
2018-11-01,1231.2,1214.991888999939
2018-11-02,1232.1,1231.134026670456
2018-11-05,1232.3,1232.0035013079641
2018-11-06,1231.6,1232.1884282290935
2018-11-07,1230.0,1231.4853350162505
2018-11-08,1224.2,1229.8908358812332
2018-11-09,1211.4,1224.1125113606454
2018-11-12,1205.6,1211.3580488562584
2018-11-13,1202.1,1205.5784421920775
2018-11-14,1203.3,1202.0759970009326
2018-11-15,1211.9,1203.247068965435
2018-11-16,1222.4,1211.786663490534
2018-11-19,1221.6,1222.219013977051
2018-11-20,1223.0,1221.4009291648863
2018-11-21,1226.1,1222.7988786101341
2018-11-22,1227.1,1225.9011459052563
2018-11-23,1223.7,1226.9148073434828
2018-11-26,1223.4,1223.5469027101994
2018-11-27,1221.2,1223.2703476667405
2018-11-28,1213.3,1221.0937277793885
2018-11-29,1226.3,1213.2308636903763
2018-11-30,1217.6,1226.1954036653042
2018-12-03,1230.3,1217.5126927375793
2018-12-04,1240.3,1230.1720363676548
2018-12-05,1235.9,1240.1290053665637
2018-12-06,1242.6,1235.742135089636
2018-12-07,1243.3,1242.436983525753
2018-12-10,1245.4,1243.1497862160206
2018-12-11,1245.3,1245.262671494484
2018-12-12,1245.8,1245.1819811940193
2018-12-13,1242.8,1245.6981957554817
2018-12-14,1235.4,1242.7217009782792
2018-12-17,1241.7,1235.3568495512009
2018-12-18,1246.3,1241.6424193739892
2018-12-19,1255.0,1246.2175433516502
2018-12-20,1259.8,1254.8778453469276
2018-12-21,1258.2,1259.6534244537354
2018-12-24,1258.2,1258.061560034752
2018-12-25,1258.2,1258.0756590127946
2018-12-26,1258.2,1258.0905829310418
2018-12-27,1268.0,1258.1031820178032
2018-12-28,1279.0,1267.879905462265
2018-12-31,1279.0,1278.8444819450378
2019-01-01,1279.0,1278.8487510681152
2019-01-02,1282.9,1278.8672760128975
2019-01-03,1290.5,1282.7765825867655
2019-01-04,1279.9,1290.3693901896477
2019-01-07,1292.2,1279.818753296137
2019-01-08,1286.5,1292.1017980694771
2019-01-09,1288.6,1286.425082296133
2019-01-10,1291.9,1288.529952430725
2019-01-11,1289.0,1291.823150765896
2019-01-14,1292.8,1288.9326197504997
2019-01-15,1294.4,1292.722403717041
2019-01-16,1292.3,1294.3138209342958
2019-01-17,1290.7,1292.2184283196925
2019-01-18,1284.2,1290.6242991924287
2019-01-21,1279.6,1284.1448115706444
2019-01-22,1282.1,1279.5586616039275
2019-01-23,1279.8,1282.0419978916643
2019-01-24,1283.7,1279.7314987421034
2019-01-25,1293.9,1283.6023675203323
2019-01-28,1302.2,1293.7505366921425
2019-01-29,1307.6,1302.0074318051338
2019-01-30,1310.7,1307.3868367433547
2019-01-31,1323.3,1310.4893782138824
2019-02-01,1318.7,1323.0714996278286
2019-02-04,1312.2,1318.5119086563589
2019-02-05,1314.2,1312.0729817390443
2019-02-06,1312.4,1314.1034161210061
2019-02-07,1310.0,1312.3298320531846
2019-02-08,1314.9,1309.9495589733124
2019-02-11,1306.4,1314.8371439337732
2019-02-12,1310.0,1306.3578736782074
2019-02-13,1312.8,1309.9436247348785
2019-02-14,1311.5,1312.721281528473
2019-02-15,1316.6,1311.4118225574493
2019-02-18,1325.5,1316.486602938175
2019-02-19,1334.2,1325.3480715453625
2019-02-20,1343.8,1334.0134354829788
2019-02-21,1331.3,1343.58582136631
2019-02-22,1329.1,1331.1432804644107
2019-02-25,1331.1,1328.9865561962126
2019-02-26,1325.1,1331.0049509882926
2019-02-27,1322.9,1325.0364193975925
2019-02-28,1319.2,1322.8515854954721
2019-03-01,1312.0,1319.1609992980957
2019-03-04,1285.4,1311.9750537872314
2019-03-05,1283.8,1285.4484211921692
2019-03-06,1285.9,1283.8417801618575
2019-03-07,1285.3,1285.892182147503
2019-03-08,1296.8,1285.2396314382552
2019-03-11,1292.8,1296.6523659706115
2019-03-12,1297.1,1292.6216903686523
2019-03-13,1307.0,1296.8893215715884
2019-03-14,1295.6,1306.7478271126747
2019-03-15,1303.5,1295.387480163574
2019-03-18,1305.6,1303.284319639206
2019-03-19,1307.7,1305.3918319702148
2019-03-20,1303.7,1307.502955055237
2019-03-21,1309.6,1303.5362722456455
2019-03-22,1311.3,1309.4390439033507
2019-03-25,1319.6,1311.1466509222985
2019-03-26,1316.3,1319.4326236724853
2019-03-27,1309.7,1316.1540688753128
2019-03-28,1295.2,1309.5951597750188
2019-03-29,1295.4,1295.1616316318512
2019-04-01,1293.5,1295.374056816101
2019-04-02,1290.3,1293.4695460498333
2019-04-03,1290.5,1290.26000790596
2019-04-04,1283.2,1290.4361565709114
2019-04-05,1288.5,1283.1347585678102
2019-04-08,1300.0,1288.3976248204708
2019-04-09,1303.0,1299.8340249061584
2019-04-10,1305.5,1302.801876962185
2019-04-11,1298.8,1305.2902138233185
2019-04-12,1294.3,1298.6228755950926
2019-04-15,1285.7,1294.159439456463
2019-04-16,1276.4,1285.6057405591012
2019-04-17,1275.9,1276.3479617118837
2019-04-18,1275.7,1275.8495030879976
2019-04-19,1275.7,1275.63293479681
2019-04-22,1275.7,1275.6095152020455
2019-04-23,1269.5,1275.5864757955076
2019-04-24,1271.7,1269.3881625533104
2019-04-25,1280.8,1271.5700043261052
2019-04-26,1284.2,1280.6257120609282
2019-04-29,1279.5,1284.0009083151817
2019-04-30,1282.3,1279.3165847361088
2019-05-01,1283.8,1282.1206163585186
2019-05-02,1271.0,1283.6271403193473
2019-05-03,1278.6,1270.8825001120567
2019-05-06,1278.6,1278.476157939434
2019-05-07,1281.2,1278.4760055184363
2019-05-08,1285.2,1281.0678877353669
2019-05-09,1286.1,1285.0542227983476
2019-05-10,1287.1,1285.9523575901985
2019-05-13,1295.6,1286.9555416285991
2019-05-14,1298.4,1295.4360539197921
2019-05-15,1299.1,1298.2329909324646
2019-05-16,1291.7,1298.9445157527923
2019-05-17,1280.8,1291.587515681982
2019-05-20,1276.9,1280.7449576854706
2019-05-21,1271.2,1276.8724484801294
2019-05-22,1273.8,1271.1874222755432
2019-05-23,1283.7,1273.7640118360518
2019-05-24,1282.5,1283.60412735343
2019-05-27,1282.5,1282.3774619400501
2019-05-28,1278.3,1282.3630906641483
2019-05-29,1281.7,1278.1712344765663
2019-05-30,1281.0,1281.5612661838531
2019-05-31,1295.6,1280.8614946603775
2019-06-03,1317.1,1295.4142768144607
2019-06-04,1324.3,1316.8381848990916
2019-06-05,1335.1,1324.017809408903
2019-06-06,1335.5,1334.8133594632147
2019-06-07,1340.7,1335.2583283185959
2019-06-10,1328.6,1340.5003000438214
2019-06-11,1324.3,1328.4953890442848
2019-06-12,1332.4,1324.2642427027224
2019-06-13,1335.9,1332.3697420358658
2019-06-14,1351.3,1335.8634517371656
2019-06-17,1341.3,1351.2117240428925
2019-06-18,1341.4,1341.23572204113
2019-06-19,1344.1,1341.3468308091165
2019-06-20,1379.5,1344.0429584026335
2019-06-21,1397.2,1379.3254371583462
2019-06-24,1405.7,1396.9485788583756
2019-06-25,1431.4,1405.4338110864162
2019-06-26,1404.0,1431.0931108355524
2019-06-27,1402.5,1403.838069677353
2019-06-28,1409.0,1402.4336251616478
2019-07-01,1390.1,1408.9724535942078
2019-07-02,1391.1,1390.1616451740265
2019-07-03,1413.5,1391.1814235329628
2019-07-04,1414.9,1413.4988204836845
2019-07-05,1388.7,1414.8570736825468
2019-07-08,1400.1,1388.724004161358
2019-07-09,1391.6,1400.0914878487586
2019-07-10,1408.3,1391.5935302257537
2019-07-11,1413.8,1408.2197521924973
2019-07-12,1407.6,1413.668456017971
2019-07-15,1412.4,1407.4723049640654
2019-07-16,1409.9,1412.2594942331316
2019-07-17,1410.4,1409.7694071412088
2019-07-18,1417.5,1410.2754136085512
2019-07-19,1439.7,1417.357466071844
2019-07-22,1427.8,1439.4845240414143
2019-07-23,1425.6,1427.6220485568047
2019-07-24,1427.0,1425.459285736084
2019-07-25,1416.1,1426.8807517290115
2019-07-26,1420.4,1416.033065932989
2019-07-29,1419.1,1420.3340479612352
2019-07-30,1425.9,1419.033939152956
2019-07-31,1427.6,1425.8034510612488
2019-08-01,1406.8,1427.4839350700377
2019-08-02,1441.8,1406.745077061653
2019-08-05,1465.3,1441.637491285801
2019-08-06,1465.3,1465.0297741055488
2019-08-07,1506.1,1465.0221756398678
2019-08-08,1495.8,1505.71829559803
2019-08-09,1497.7,1495.4859012007712
2019-08-12,1504.7,1497.462185049057
2019-08-13,1498.4,1504.519280475378
2019-08-14,1513.3,1498.3050617694855
2019-08-15,1515.7,1513.214490675926
2019-08-16,1515.3,1515.6354952692986
2019-08-19,1496.6,1515.2626079678535
2019-08-20,1504.6,1496.6438885211944
2019-08-21,1503.3,1504.6380248069763
2019-08-22,1502.1,1503.328673171997
2019-08-23,1503.8,1502.1127135634422
2019-08-26,1503.8,1503.7837763428688
2019-08-27,1533.0,1503.7580515384673
2019-08-28,1537.2,1532.8392732739449
2019-08-29,1540.2,1536.992929172516
2019-08-30,1528.4,1539.9860070347786
2019-09-02,1526.0,1528.2485011339188
2019-09-03,1537.9,1525.893853545189
2019-09-04,1546.1,1537.7788175702096
2019-09-05,1529.1,1545.956330758333
2019-09-06,1523.7,1529.0176992595195
2019-09-09,1509.2,1523.6567698717117
2019-09-10,1498.3,1509.209535264969
2019-09-11,1490.7,1498.339830315113
2019-09-12,1515.2,1490.7406945109367
2019-09-13,1503.1,1515.119802093506
2019-09-16,1497.2,1502.995267254114
2019-09-17,1502.1,1497.0853265047074
2019-09-18,1503.5,1501.9480639636515
2019-09-19,1500.7,1503.3207688331604
2019-09-20,1501.9,1500.5164512872695
2019-09-23,1522.1,1501.7088743388654
2019-09-24,1520.7,1521.839893633127
2019-09-25,1528.8,1520.4386826217176
2019-09-26,1506.4,1528.5312765598296
2019-09-27,1489.9,1506.2318262577057
2019-09-30,1485.3,1489.830643326044
2019-10-01,1473.5,1485.2710504353047
2019-10-02,1492.6,1473.5031617879868
2019-10-03,1517.1,1492.5190410375594
2019-10-04,1499.2,1516.8876792669296
2019-10-07,1501.3,1499.0059116363525
2019-10-08,1505.9,1501.106624096632
2019-10-09,1507.3,1505.6985816240312
2019-10-10,1494.8,1507.1015388429164
2019-10-11,1479.2,1494.6557519197463
2019-10-14,1490.6,1479.1277910709382
2019-10-15,1487.8,1490.502179801464
2019-10-16,1485.1,1487.6927861332892
2019-10-17,1492.7,1484.9870499372482
2019-10-18,1490.0,1492.5488368213178
2019-10-21,1491.7,1489.841206073761
2019-10-22,1485.4,1491.5307999908925
2019-10-23,1494.5,1485.2500187635424
2019-10-24,1496.6,1494.3246031701565
2019-10-25,1513.5,1496.4135629892348
2019-10-28,1492.4,1513.2604881227016
2019-10-29,1486.8,1492.2338339805603
2019-10-30,1492.1,1486.6847937583923
2019-10-31,1511.0,1491.9847388267517
2019-11-01,1508.8,1510.8205952644348
2019-11-04,1509.5,1508.6157303810119
2019-11-05,1489.0,1509.3230226933956
2019-11-06,1486.1,1488.9066336154938
2019-11-07,1484.3,1486.0413610577582
2019-11-08,1464.2,1484.2484213054179
2019-11-11,1458.7,1464.2003490924835
2019-11-12,1452.1,1458.7050428271293
2019-11-13,1462.9,1452.0922103285789
2019-11-14,1466.7,1462.812891560793
2019-11-15,1466.9,1466.545262825489
2019-11-18,1467.7,1466.7055466651918
2019-11-19,1468.5,1467.4830452919007
2019-11-20,1471.7,1468.2739115059376
2019-11-21,1467.1,1471.4663135051728
2019-11-22,1464.5,1466.8900422155857
2019-11-25,1458.4,1464.3154668211937
2019-11-26,1454.7,1458.2504848480226
2019-11-27,1454.4,1454.5741883218288
2019-11-28,1454.7,1454.2779418945313
2019-11-29,1460.2,1454.5708067536355
2019-12-02,1461.2,1460.042989397049
2019-12-03,1477.3,1461.0283371210098
2019-12-04,1475.1,1477.0708836436272
2019-12-05,1476.0,1474.874214220047
2019-12-06,1459.7,1475.7894723415375
2019-12-09,1461.7,1459.5674915373327
2019-12-10,1465.0,1461.5918789803982
2019-12-11,1466.8,1464.8891898989677
2019-12-12,1467.8,1466.6802235126495
2019-12-13,1466.6,1467.672267961502
2019-12-16,1477.9,1466.4729843020439
2019-12-17,1475.8,1477.7350079834462
2019-12-18,1474.1,1475.6363859653472
2019-12-19,1476.7,1473.950105369091
2019-12-20,1479.0,1476.5529216229916
2019-12-23,1482.1,1478.853221476078
2019-12-24,1482.1,1481.949910265207
2019-12-25,1482.1,1481.956889128685
2019-12-26,1482.1,1481.9665181934834
2019-12-27,1511.5,1481.9754405379294
2019-12-30,1514.8,1511.2847692072392
2019-12-31,1514.8,1514.5655191659928
2020-01-01,1514.8,1514.587098264694
2020-01-02,1527.1,1514.623665356636
2020-01-03,1548.8,1526.920686161518
2020-01-06,1573.1,1548.575395965576
2020-01-07,1567.9,1572.8171138107775
2020-01-08,1572.0,1567.6687010467053
2020-01-09,1550.8,1571.8211295604706
2020-01-10,1553.6,1550.7523036003113
2020-01-13,1549.9,1553.605370903015
2020-01-14,1545.1,1549.9397239327432
2020-01-15,1549.0,1545.1570989847182
2020-01-16,1554.6,1549.031576037407
2020-01-17,1557.6,1554.5838769197462
2020-01-20,1560.2,1557.541696357727
2020-01-21,1551.3,1560.1079347848893
2020-01-22,1556.9,1551.2206652998923
2020-01-23,1562.9,1556.798478472233
2020-01-24,1564.3,1562.7666936218739
2020-01-27,1580.1,1564.1518423616885
2020-01-28,1574.0,1579.8980752944944
2020-01-29,1573.5,1573.8163987398148
2020-01-30,1578.3,1573.3381220698357
2020-01-31,1584.2,1578.1422378838063
2020-02-03,1574.8,1584.036643576622
2020-02-04,1558.4,1574.6794768333434
2020-02-05,1553.3,1558.3532773971558
2020-02-06,1563.3,1553.284908825159
2020-02-07,1572.7,1563.2430670559406
2020-02-10,1573.2,1572.5810436546803
2020-02-11,1570.5,1573.0501554965974
2020-02-12,1563.7,1570.3465746939182
2020-02-13,1575.1,1563.5685826659203
2020-02-14,1581.4,1574.935047084093
2020-02-17,1580.8,1581.206769490242
2020-02-18,1589.9,1580.6087272644043
2020-02-19,1604.2,1589.6900945842267
2020-02-20,1619.0,1603.953688621521
2020-02-21,1643.3,1618.7187027335167
2020-02-24,1671.7,1642.9634495973587
2020-02-25,1650.3,1671.3040263295175
2020-02-26,1634.9,1650.0316587924956
2020-02-27,1652.0,1634.7821858108045
2020-02-28,1609.9,1651.910789012909
2020-03-02,1599.7,1609.9825234651566
2020-03-03,1615.5,1599.8578988552094
2020-03-04,1641.9,1615.5966764688492
2020-03-05,1659.6,1641.8529269993305
2020-03-06,1683.7,1659.427384829521
2020-03-09,1672.5,1683.4100705325604
2020-03-10,1655.7,1672.2426036000252
2020-03-11,1653.8,1655.5444686412811
2020-03-12,1570.7,1653.706354546547
2020-03-13,1562.8,1570.905778992176
2020-03-16,1487.7,1563.0744203090667
2020-03-17,1536.2,1488.1506404042245
2020-03-18,1498.2,1536.4261646986008
2020-03-19,1474.3,1498.3552028417587
2020-03-20,1494.4,1474.3945536375045
2020-03-23,1525.4,1494.2991691589357
2020-03-24,1605.8,1525.0494089126587
2020-03-25,1605.5,1605.049896132946
2020-03-26,1634.8,1604.6778820455074
2020-03-27,1617.3,1633.9403695583344
2020-03-30,1618.3,1616.6267522335052
2020-03-31,1609.0,1617.8017934143543
2020-04-01,1576.6,1608.693203508854
2020-04-02,1616.8,1576.5336552858353
2020-04-03,1613.1,1616.7044985294342
2020-04-06,1648.3,1613.0286579966544
2020-04-07,1649.3,1648.1316057801246
2020-04-08,1647.8,1649.124228978157
2020-04-09,1680.7,1647.6576842427253
2020-04-10,1680.7,1680.4897273719312
2020-04-13,1680.7,1680.5113657176496
2020-04-14,1741.9,1680.5604527056219
2020-04-15,1718.7,1741.6124038338662
2020-04-16,1729.5,1718.5075105369092
2020-04-17,1692.6,1729.3556792736053
2020-04-20,1686.2,1692.640960049629
2020-04-21,1682.1,1686.333270096779
2020-04-22,1710.6,1682.263224864006
2020-04-23,1736.3,1710.6503680944443
2020-04-24,1715.9,1736.2065471351145
2020-04-27,1715.0,1715.825441080332
2020-04-28,1691.6,1714.9331468343735
2020-04-29,1703.4,1691.6108893394469
2020-04-30,1702.8,1703.3793892979622
2020-05-01,1686.3,1702.7528049230575
2020-05-04,1709.1,1686.2791941583157
2020-05-05,1699.6,1708.9868220984936
2020-05-06,1691.5,1699.4753960132598
2020-05-07,1704.1,1691.3868785500526
2020-05-08,1704.1,1703.9363670647144
2020-05-11,1702.8,1703.9161541819572
2020-05-12,1702.4,1702.6140615463257
2020-05-13,1708.4,1702.2172508239746
2020-05-14,1731.6,1708.2017397642137
2020-05-15,1735.4,1731.3262833595275
2020-05-18,1734.7,1735.11244263649
2020-05-19,1738.0,1734.4405789911748
2020-05-20,1748.3,1737.7697130441666
2020-05-21,1724.9,1748.0742880702019
2020-05-22,1733.6,1724.7838223814965
2020-05-25,1733.6,1733.5012159347534
2020-05-26,1720.3,1733.5124789714812
2020-05-27,1694.6,1720.2586772382258
2020-05-28,1717.4,1694.6448466777802
2020-05-29,1728.7,1717.36591244936
2020-06-01,1730.6,1728.5767658948898
2020-06-02,1742.2,1730.4267049789428
2020-06-03,1705.4,1741.968118107319
2020-06-04,1700.1,1705.2831027746201
2020-06-05,1683.5,1700.0299783051014
2020-06-08,1690.4,1683.4831421375275
2020-06-09,1713.5,1690.3448866367341
2020-06-10,1722.1,1713.3240256011486
2020-06-11,1738.3,1721.8418474256991
2020-06-12,1733.5,1737.9644047677516
2020-06-15,1710.5,1733.1812434494495
2020-06-16,1719.9,1710.29456320405
2020-06-17,1724.4,1719.7145521223547
2020-06-18,1719.5,1724.21848654747
2020-06-19,1734.8,1719.3453423082829
2020-06-22,1761.9,1734.6071550130844
2020-06-23,1768.9,1761.6156128168107
2020-06-24,1766.1,1768.5919199347497
2020-06-25,1756.6,1765.8337778270243
2020-06-26,1747.6,1756.4183428645133
2020-06-29,1771.6,1747.5027098178862
2020-06-30,1768.1,1771.4623033523558
2020-07-01,1771.1,1767.9752218246458
2020-07-02,1777.5,1770.979232740402
2020-07-03,1772.9,1777.3688372969627
2020-07-06,1787.9,1772.7910510599613
2020-07-07,1789.6,1787.7545358479024
2020-07-08,1811.1,1789.4488507747649
2020-07-09,1812.1,1810.8883101046085
2020-07-10,1803.1,1811.8910014688968
2020-07-13,1807.5,1802.9493226647376
2020-07-14,1801.9,1807.3735186457634
2020-07-15,1804.6,1801.8151527285577
2020-07-16,1807.7,1804.5247062206267
2020-07-17,1807.4,1807.6176810503007
2020-07-20,1815.7,1807.3145705580712
2020-07-21,1842.6,1815.5824685692787
2020-07-22,1852.4,1842.3838594436645
2020-07-23,1878.3,1852.137772345543
2020-07-24,1902.1,1877.967716360092
2020-07-27,1936.7,1901.716569149494
2020-07-28,1940.9,1936.2532614588738
2020-07-29,1950.9,1940.5117555856705
2020-07-30,1957.7,1950.5902228832247
2020-07-31,1964.9,1957.4809765994548
2020-08-03,1958.6,1964.7614503920079
2020-08-04,1977.9,1958.567429077625
2020-08-05,2048.2,1977.8768931627274
2020-08-06,2067.2,2047.9828157067298
2020-08-07,2031.2,2066.9184543609617
2020-08-10,2044.5,2031.095154285431
2020-08-11,1939.7,2044.4660005867481
2020-08-12,1931.9,1940.0641876578331
2020-08-13,1944.3,1932.3753400802614
2020-08-14,1944.8,1944.6889245271682
2020-08-17,1972.9,1945.0587314605712
2020-08-18,2008.8,1972.931750380993
2020-08-19,1981.0,2008.5765767097473
2020-08-20,1927.2,1980.7716394662857
2020-08-21,1924.4,1927.1441731452942
2020-08-24,1944.0,1924.3792387247086
2020-08-25,1911.2,1943.8858666419983
2020-08-26,1933.0,1911.1311944961549
2020-08-27,1923.9,1932.8287893533707
2020-08-28,1957.4,1923.6986335515976
2020-08-31,1957.4,1957.0529063582421
2020-09-01,1972.4,1957.0137051939964
2020-09-02,1947.1,1971.9712433576585
2020-09-03,1940.5,1946.78374684453
2020-09-04,1926.3,1940.268211722374
2020-09-07,1928.5,1926.1579720795155
2020-09-08,1911.0,1928.3757416903973
2020-09-09,1947.2,1910.9276706576347
2020-09-10,1966.3,1946.9988642692567
2020-09-11,1947.4,1965.9870743632316
2020-09-14,1958.7,1947.1301277518273
2020-09-15,1949.4,1958.4209731936455
2020-09-16,1961.8,1949.1722611427308
2020-09-17,1936.3,1961.5628611087798
2020-09-18,1950.9,1936.1633516311645
2020-09-21,1909.4,1950.7472045302393
2020-09-22,1906.0,1909.3800834059716
2020-09-23,1873.4,1906.0063619613647
2020-09-24,1861.8,1873.4828541994095
2020-09-25,1859.7,1861.883228945732
2020-09-28,1864.3,1859.7181788682938
2020-09-29,1884.0,1864.211436611414
2020-09-30,1886.9,1883.7540736198425
2020-10-01,1902.0,1886.5647328794003
2020-10-02,1903.1,1901.5783842802048
2020-10-05,1909.6,1902.6665702164173
2020-10-06,1913.4,1909.1723743915556
2020-10-07,1884.5,1913.0022022247315
2020-10-08,1887.5,1884.2525481283665
2020-10-09,1923.3,1887.3102061450481
2020-10-12,1925.5,1923.0191378474235
2020-10-13,1891.3,1925.205618172884
2020-10-14,1910.1,1891.1436431229115
2020-10-15,1891.9,1909.9328669786453
2020-10-16,1905.1,1891.7986233413221
2020-10-19,1905.6,1904.968960058689
2020-10-20,1898.4,1905.4535920143126
2020-10-21,1924.2,1898.268628835678
2020-10-22,1901.0,1923.9810543894769
2020-10-23,1903.7,1900.8394419550896
2020-10-26,1898.5,1903.548404932022
2020-10-27,1905.7,1898.3679429590702
2020-10-28,1870.0,1905.544042891264
2020-10-29,1870.3,1869.950511455536
2020-10-30,1881.9,1870.2586414515972
2020-11-02,1889.9,1881.7922046482563
2020-11-03,1908.3,1889.7186386227609
2020-11-04,1900.2,1908.0197359085082
2020-11-05,1938.5,1899.9225111722947
2020-11-06,1940.8,1938.1066895723343
2020-11-09,1867.3,1940.4028681755065
2020-11-10,1878.7,1867.1980494260788
2020-11-11,1861.0,1878.6552083015442
2020-11-12,1874.9,1861.0186352729797
2020-11-13,1890.9,1874.8574222028255
2020-11-16,1885.6,1890.7506639897824
2020-11-17,1889.1,1885.414668035507
2020-11-18,1876.1,1888.8805442869661
2020-11-19,1857.4,1875.9119115710257
2020-11-20,1875.7,1857.2797693014145
2020-11-23,1840.2,1875.5244733214379
2020-11-24,1799.6,1840.1157623291017
2020-11-25,1810.2,1799.6499852657316
2020-11-26,1807.4,1810.2028053045274
2020-11-27,1779.3,1807.3385942220689
2020-11-30,1762.6,1779.2559873640537
2020-12-01,1810.8,1762.5561903357504
2020-12-02,1822.6,1810.5313570261
2020-12-03,1832.4,1822.1905530810354
2020-12-04,1843.0,1831.9144098758698
2020-12-07,1860.0,1842.4842478632927
2020-12-08,1868.2,1859.4664084911346
2020-12-09,1841.8,1867.6996891856195
2020-12-10,1844.4,1841.473295211792
2020-12-11,1842.0,1844.1683673620225
2020-12-14,1831.2,1841.8412411212921
2020-12-15,1850.7,1831.1173749446868
2020-12-16,1852.0,1850.5774452388287
2020-12-17,1890.8,1851.8617944717407
2020-12-18,1879.8,1890.5304204940796
2020-12-21,1880.0,1879.5524930119514
2020-12-22,1877.1,1879.7874283790588
2020-12-23,1875.0,1876.9366495370864
2020-12-24,1875.0,1874.8794123530388
2020-12-25,1875.0,1874.9041110277176
2020-12-28,1875.0,1874.9158456921577
2020-12-29,1874.3,1874.917522072792
2020-12-30,1887.6,1874.2149833738804
2020-12-31,1887.6,1887.4627381324767
2021-01-01,1887.6,1887.4457491636276
2021-01-04,1943.2,1887.443048930168
2021-01-05,1940.4,1942.8621421337127
2021-01-06,1932.0,1940.0526824712754
2021-01-07,1920.1,1931.7263889312744
2021-01-08,1862.9,1919.9347387075422
2021-01-11,1847.3,1862.9841664195062
2021-01-12,1841.3,1847.4913671135903
2021-01-13,1858.9,1841.4896480560303
2021-01-14,1841.8,1858.95894510746
2021-01-15,1839.0,1841.8079041481017
2021-01-18,1833.1,1838.940151333809
2021-01-19,1834.7,1832.987788671255
2021-01-20,1856.6,1834.5237170934677
2021-01-21,1862.1,1856.2989994049071
2021-01-22,1852.7,1861.7348435282706
2021-01-25,1856.9,1852.3592144846916
2021-01-26,1856.6,1856.5698419630528
2021-01-27,1843.0,1856.2963435173033
2021-01-28,1853.7,1842.7711796164513
2021-01-29,1863.8,1853.4688567399978
2021-02-01,1863.0,1863.5448236584664
2021-02-02,1833.1,1862.7545939683914
2021-02-03,1835.5,1832.9730383992194
2021-02-04,1785.9,1835.3981445729733
2021-02-05,1803.0,1785.9574818849565
2021-02-08,1835.3,1803.0058032274246
2021-02-09,1839.6,1835.135036253929
2021-02-10,1842.7,1839.340242218971
2021-02-11,1840.1,1842.3945530951023
2021-02-12,1816.4,1839.8002486407756
2021-02-15,1817.3,1816.1997081279756
2021-02-16,1794.3,1817.1322130620479
2021-02-17,1780.7,1794.216580080986
2021-02-18,1773.2,1780.6667788088323
2021-02-19,1786.2,1773.1719918966294
2021-02-22,1807.5,1786.086826837063
2021-02-23,1799.7,1807.2539323568344
2021-02-24,1788.0,1799.4264602780343
2021-02-25,1779.7,1787.7566936016083
2021-02-26,1742.9,1779.4945261657238
2021-03-01,1734.2,1742.8256183862686
2021-03-02,1723.9,1734.1667160272598
2021-03-03,1711.4,1723.8716403245926
2021-03-04,1712.1,1711.3629713177681
2021-03-05,1696.3,1712.001828753948
2021-03-08,1687.1,1696.1855464696885
2021-03-09,1716.9,1686.96263641119
2021-03-10,1716.2,1716.609879666567
2021-03-11,1724.3,1715.8461668133737
2021-03-12,1704.8,1723.897322499752
2021-03-15,1723.7,1704.4674173831938
2021-03-16,1735.0,1723.3387643098831
2021-03-17,1729.7,1734.6167474985123
2021-03-18,1725.9,1729.361734956503
2021-03-19,1735.2,1725.6211149394512
2021-03-22,1736.2,1734.9353329181672
2021-03-23,1726.2,1735.9629145264626
2021-03-24,1730.5,1726.0273513555528
2021-03-25,1737.3,1730.3455906808376
2021-03-26,1731.8,1737.1366998374463
2021-03-29,1706.0,1731.6594098329545
2021-03-30,1684.0,1705.9549533128738
2021-03-31,1691.1,1684.041554927826
2021-04-01,1726.1,1691.1096765518187
2021-04-02,1726.1,1725.9439256131648
2021-04-05,1726.1,1725.8728330612182
2021-04-06,1744.7,1725.8486554205417
2021-04-07,1738.1,1744.3882313132287
2021-04-08,1755.5,1737.8183147728441
2021-04-09,1741.2,1755.196346461773
2021-04-12,1732.9,1740.9743744373322
2021-04-13,1748.0,1732.7524001777174
2021-04-14,1735.6,1747.840590953827
2021-04-15,1757.2,1735.4906535387038
2021-04-16,1774.5,1757.036714577675
2021-04-19,1774.5,1774.2721747756004
2021-04-20,1777.9,1774.2733382284641
2021-04-21,1798.2,1777.6889055728914
2021-04-22,1787.8,1797.9540194392205
2021-04-23,1781.8,1787.614370417595
2021-04-26,1773.4,1781.6815830349922
2021-04-27,1784.2,1773.347677075863
2021-04-28,1772.2,1784.1355539560318
2021-04-29,1762.7,1772.169261276722
2021-04-30,1767.7,1762.6991594791414
2021-05-03,1767.7,1767.6709197759628
2021-05-04,1797.8,1767.6398376524448
2021-05-05,1782.3,1797.6097959160804
2021-05-06,1813.2,1782.1209967911243
2021-05-07,1836.6,1812.9240841627122
2021-05-10,1840.5,1836.2391872406006
2021-05-11,1829.1,1840.1448934972286
2021-05-12,1830.7,1828.8395443975924
2021-05-13,1821.8,1830.509588700533
2021-05-14,1838.1,1821.6960815310479
2021-05-17,1853.7,1837.987044364214
2021-05-18,1866.8,1853.5470830440522
2021-05-19,1888.5,1866.6098396539687
2021-05-20,1878.3,1888.2528108358383
2021-05-21,1875.9,1878.1090040802956
2021-05-24,1880.2,1875.7697386085988
2021-05-25,1887.0,1880.101267516613
2021-05-26,1899.8,1886.9073214530945
2021-05-27,1891.5,1899.6809880137444
2021-05-28,1900.0,1891.4158943295479
2021-05-31,1900.0,1899.9080419540405
2021-06-01,1899.4,1899.9142706394196
2021-06-02,1902.8,1899.3232415437699
2021-06-03,1866.6,1902.7165260314941
2021-06-04,1890.6,1866.6324873447418
2021-06-07,1888.4,1890.5679964542387
2021-06-08,1893.2,1888.3346041440964
2021-06-09,1894.6,1893.0888491392136
2021-06-10,1888.7,1894.4573732495307
2021-06-11,1881.1,1888.5601814866066
2021-06-14,1865.6,1880.979692775011
2021-06-15,1865.1,1865.5268314361572
2021-06-16,1860.8,1865.0222931325434
2021-06-17,1778.7,1860.7103828430174
2021-06-18,1773.1,1778.84927444458
2021-06-21,1775.1,1773.2688846230506
2021-06-22,1775.1,1775.178506720066
2021-06-23,1791.6,1775.0581015348434
2021-06-24,1784.9,1791.3865314245222
2021-06-25,1786.7,1784.6067937612534
2021-06-28,1780.3,1786.3479254841805
2021-06-29,1755.5,1779.943138116598
2021-06-30,1763.2,1755.2267955243587
2021-07-01,1781.5,1762.9178201675415
2021-07-02,1786.2,1781.147569745779
2021-07-05,1791.4,1785.8178941845895
2021-07-06,1809.9,1791.0101616978645
2021-07-07,1804.7,1809.4737722575665
2021-07-08,1807.7,1804.3241556525231
2021-07-09,1806.0,1807.3722326636314
2021-07-12,1792.4,1805.7337914705276
2021-07-13,1813.9,1792.2308796167374
2021-07-14,1823.2,1813.7054977595808
2021-07-15,1823.8,1822.9843963623048
2021-07-16,1824.3,1823.59617446661
2021-07-19,1814.9,1824.1192795157433
2021-07-20,1823.1,1814.7763542950154
2021-07-21,1802.2,1822.9761216402053
2021-07-22,1799.5,1802.1509092926979
2021-07-23,1799.6,1799.4733998775482
2021-07-26,1800.2,1799.561492037773
2021-07-27,1800.4,1800.1328300237656
2021-07-28,1796.6,1800.300843524933
2021-07-29,1829.3,1796.484989953041
2021-07-30,1825.8,1829.0545627176762
2021-08-02,1811.5,1825.5318523406982
2021-08-03,1812.7,1811.2882633507252
2021-08-04,1829.1,1812.5139459252357
2021-08-05,1800.8,1828.8765031456946
2021-08-06,1762.9,1800.673880147934
2021-08-09,1738.9,1762.9266895651817
2021-08-10,1723.4,1739.0206445455551
2021-08-11,1743.6,1723.5407300233842
2021-08-12,1747.4,1743.6039492130278
2021-08-13,1773.9,1747.2809529423714
2021-08-16,1786.4,1773.604159963131
2021-08-17,1789.5,1785.9922967433931
2021-08-18,1783.5,1789.0630036890507
2021-08-19,1782.1,1783.1098610758781
2021-08-20,1779.1,1781.7674206793308
2021-08-23,1802.0,1778.8303336083889
2021-08-24,1808.5,1801.6993662118912
2021-08-25,1788.7,1808.2010844647884
2021-08-26,1786.6,1788.5032956421376
2021-08-27,1798.5,1786.4634802579878
2021-08-30,1798.5,1798.353673428297
2021-08-31,1814.9,1798.3584973812103
2021-09-01,1811.8,1814.711232060194
2021-09-02,1812.6,1811.6203018188476
2021-09-03,1823.7,1812.4343756318092
2021-09-06,1821.6,1823.5152083158493
2021-09-07,1802.2,1821.4330103874206
2021-09-08,1786.0,1802.1169647336008
2021-09-09,1788.3,1785.9958482980728
2021-09-10,1794.6,1788.2943506777285
2021-09-13,1793.9,1794.5463028192519
2021-09-14,1792.8,1793.8081516206266
2021-09-15,1797.0,1792.6786079406738
2021-09-16,1748.0,1796.8392285704613
2021-09-17,1756.0,1747.9803082942963
2021-09-20,1757.8,1755.9644136428833
2021-09-21,1774.5,1757.7168102025985
2021-09-22,1773.4,1774.3104629516602
2021-09-23,1750.0,1773.1619571208955
2021-09-24,1746.8,1749.8190253973007
2021-09-27,1755.3,1746.6357027530669
2021-09-28,1733.8,1755.0985987365245
2021-09-29,1737.2,1733.649946641922
2021-09-30,1742.8,1737.036398601532
2021-10-01,1757.1,1742.5974359989166
2021-10-04,1754.6,1756.8264417886733
2021-10-05,1753.2,1754.3164773583412
2021-10-06,1759.7,1752.9288254499436
2021-10-07,1762.1,1759.4248832523824
2021-10-08,1773.3,1761.8340656995772
2021-10-11,1757.7,1773.01874050498
2021-10-12,1767.8,1757.4921421051026
2021-10-13,1785.7,1767.5969537615777
2021-10-14,1798.7,1785.4545585513115
2021-10-15,1772.7,1798.4208228826524
2021-10-18,1767.9,1772.529779881239
2021-10-19,1779.6,1767.7970485746862
2021-10-20,1778.0,1779.4854417800902
2021-10-21,1779.3,1777.8892539739609
2021-10-22,1808.3,1779.1847187101841
2021-10-25,1805.3,1808.085727238655
2021-10-26,1785.6,1805.079734069109
2021-10-27,1795.3,1785.4632373809814
2021-10-28,1803.5,1795.1665607511998
2021-10-29,1769.2,1803.3479992747307
2021-11-01,1793.8,1769.1630916118622
2021-11-02,1790.5,1793.7055906891821
2021-11-03,1763.5,1790.390182942152
2021-11-04,1796.2,1763.4649974405766
2021-11-05,1801.9,1796.058678340912
2021-11-08,1822.4,1801.6977627694607
2021-11-09,1827.3,1822.1118218421936
2021-11-10,1859.4,1826.991115450859
2021-11-11,1857.9,1859.010214841366
2021-11-12,1860.6,1857.5464088737965
2021-11-15,1859.9,1860.3074447393417
2021-11-16,1859.2,1859.6848233044147
2021-11-17,1864.9,1859.0559379577637
2021-11-18,1860.3,1864.790510648489
2021-11-19,1861.1,1860.237794905901
2021-11-22,1816.1,1861.059510475397
2021-11-23,1789.2,1816.2127944111824
2021-11-24,1782.1,1789.4145689964296
2021-11-25,1788.2,1782.3075566887856
2021-11-26,1800.8,1788.3072245359422
2021-11-29,1786.0,1800.7593196392058
2021-11-30,1804.4,1785.9055753946304
2021-12-01,1789.3,1804.1822099924088
2021-12-02,1765.0,1789.0736874461174
2021-12-03,1767.6,1764.837883412838
2021-12-06,1778.7,1767.4271088838577
2021-12-07,1781.4,1778.4655924737453
2021-12-08,1783.8,1781.125100719929
2021-12-09,1776.2,1783.5021899342537
2021-12-10,1779.8,1775.9277029514312
2021-12-13,1787.8,1779.5308640122414
2021-12-14,1776.9,1787.5149488329887
2021-12-15,1768.7,1776.662016874552
2021-12-16,1795.7,1768.513928872347
2021-12-17,1807.7,1795.4421597659589
2021-12-20,1796.3,1807.393027895689
2021-12-21,1793.8,1796.0416453421115
2021-12-22,1792.8,1793.588193833828
2021-12-23,1805.2,1792.6246440410614
2021-12-24,1805.2,1805.0064306497575
2021-12-27,1805.2,1805.0146081209184
2021-12-28,1805.2,1805.0294566869736
2021-12-29,1794.3,1805.0449508428574
2021-12-30,1805.9,1794.1940139234066
2021-12-31,1805.9,1805.7696479260921
2022-01-03,1805.9,1805.7618978440762
2022-01-04,1811.4,1805.7593144834043
2022-01-05,1826.3,1811.2403155446054
2022-01-06,1789.4,1826.0882751524448
2022-01-07,1792.6,1789.3079553961754
2022-01-10,1794.2,1792.5285191655157
2022-01-11,1806.8,1794.1178680419923
2022-01-12,1821.4,1806.6563366413116
2022-01-13,1820.4,1821.1799409747125
2022-01-14,1823.0,1820.1651967048647
2022-01-17,1817.9,1822.7652959823608
2022-01-18,1817.3,1817.700084501505
2022-01-19,1827.0,1817.1271220445633
2022-01-20,1845.4,1826.813458263874
2022-01-21,1837.6,1845.1595522165298
2022-01-24,1831.6,1837.3905796051024
2022-01-25,1847.3,1831.4397356987
2022-01-26,1836.0,1847.1163404226302
2022-01-27,1806.8,1835.862879037857
2022-01-28,1788.2,1806.7809382200242
2022-01-31,1795.3,1788.2630983352662
2022-02-01,1799.9,1795.3286782026291
2022-02-02,1803.7,1799.859876382351
2022-02-03,1792.7,1803.5870081484318
2022-02-04,1804.7,1792.5730583429338
2022-02-07,1813.6,1804.504870736599
2022-02-08,1822.6,1813.3429406166076
2022-02-09,1827.8,1822.2956035375594
2022-02-10,1835.4,1827.4798095583915
2022-02-11,1831.2,1835.0750868558885
2022-02-14,1866.2,1830.9207993507387
2022-02-15,1848.6,1865.8477213263511
2022-02-16,1862.6,1848.331368613243
2022-02-17,1893.5,1862.3475414037703
2022-02-18,1893.6,1893.1882768273354
2022-02-21,1894.5,1893.3203146934509
2022-02-22,1900.1,1894.2775456309319
2022-02-23,1904.7,1899.9221899867057
2022-02-24,1936.3,1904.5591105520725
2022-02-25,1884.8,1936.0973356962204
2022-02-28,1909.9,1884.7869682312012
2022-03-01,1922.0,1909.87199562788
2022-03-02,1928.5,1921.932180404663
2022-03-03,1929.6,1928.4018347859383
2022-03-04,1945.3,1929.4960281372068
2022-03-07,1981.0,1945.151469439268
2022-03-08,2039.1,1980.7362164258957
2022-03-09,1988.9,2038.6443471729754
2022-03-10,1996.6,1988.634808844328
2022-03-11,1978.7,1996.42934448719
2022-03-14,1954.1,1978.6683921575548
2022-03-15,1913.7,1954.2111156582832
2022-03-16,1913.2,1913.9691943645478
2022-03-17,1949.7,1913.4631941795349
2022-03-18,1935.8,1949.7678673267365
2022-03-21,1935.1,1935.7897309422492
2022-03-22,1915.3,1935.017531222105
2022-03-23,1931.8,1915.2244255661965
2022-03-24,1965.2,1931.6354588627814
2022-03-25,1953.8,1964.873193216324
2022-03-28,1937.1,1953.4686839461326
2022-03-29,1910.0,1936.8406764864922
2022-03-30,1933.9,1909.8665738105774
2022-03-31,1942.2,1933.718335390091
2022-04-01,1929.4,1941.970555472374
2022-04-04,1930.3,1929.1993229031564
2022-04-05,1944.1,1930.103831487894
2022-04-06,1930.2,1943.8585115194319
2022-04-07,1932.4,1929.9980892062188
2022-04-08,1941.4,1932.205345773697
2022-04-11,1951.6,1941.1799072980882
2022-04-12,1960.9,1951.3440862655639
2022-04-13,1976.8,1960.6159846425057
2022-04-14,1963.3,1976.4769198417664
2022-04-15,1963.3,1963.0451265215872
2022-04-18,1963.3,1963.0949778079987
2022-04-19,1964.0,1963.1327758491038
2022-04-20,1949.6,1963.8563630580902
2022-04-21,1943.7,1949.518656349182
2022-04-22,1941.6,1943.651341509819
2022-04-25,1895.0,1941.551972723007
2022-04-26,1904.6,1895.0815504789352
2022-04-27,1885.8,1904.6401871442795
2022-04-28,1888.5,1885.8337207317352
2022-04-29,1911.3,1888.4603776931763
2022-05-02,1911.3,1911.1057623803615
2022-05-03,1869.7,1911.0255610406398
2022-05-04,1863.7,1869.5282666385174
2022-05-05,1892.3,1863.5560336112976
2022-05-06,1882.4,1892.040808880329
2022-05-09,1860.9,1882.1257837295534
2022-05-10,1857.4,1860.6865932226183
2022-05-11,1852.0,1857.2045974373818
2022-05-12,1837.1,1851.8126718997955
2022-05-13,1811.6,1836.9464814305304
2022-05-16,1809.5,1811.5158837556837
2022-05-17,1825.0,1809.404117256403
2022-05-18,1810.7,1824.8048514127731
2022-05-19,1844.0,1810.49127086401
2022-05-20,1834.2,1843.6472957134247
2022-05-23,1856.2,1833.8386747956276
2022-05-24,1867.1,1855.7721623063087
2022-05-25,1847.2,1866.647392386198
2022-05-26,1848.3,1846.8548311710358
2022-05-27,1851.8,1848.021276819706
2022-05-30,1855.0,1851.5602635860444
2022-05-31,1838.7,1854.784173965454
2022-06-01,1844.9,1838.5634445548058
2022-06-02,1844.9,1844.7707915842534
2022-06-03,1844.9,1844.7717812657356
2022-06-06,1847.2,1844.7676026105883
2022-06-07,1849.6,1847.053124332428
2022-06-08,1853.0,1849.4368377685546
2022-06-09,1844.9,1852.819418489933
2022-06-10,1830.0,1844.743410396576
2022-06-13,1830.9,1829.8995405435562
2022-06-14,1818.3,1830.8027650415897
2022-06-15,1823.8,1818.2297703266142
2022-06-16,1826.5,1823.6959674477578
2022-06-17,1841.6,1826.3541170358658
2022-06-20,1836.5,1841.3736585617064
2022-06-21,1840.3,1836.2637768387794
2022-06-22,1841.9,1840.0518802523613
2022-06-23,1841.9,1841.653201532364
2022-06-24,1825.5,1841.666705185175
2022-06-27,1826.3,1825.3388549387455
2022-06-28,1819.1,1826.1602289438247
2022-06-29,1817.8,1818.9868024110792
2022-06-30,1817.0,1817.6872083544731
2022-07-01,1797.5,1816.8750199079514
2022-07-04,1808.4,1797.420074045658
2022-07-05,1772.0,1808.2729167222979
2022-07-06,1754.3,1771.958702802658
2022-07-07,1748.0,1754.3060647368432
2022-07-08,1738.2,1747.9909355640411
2022-07-11,1740.0,1738.1620806455612
2022-07-12,1730.7,1739.8888206481934
2022-07-13,1724.6,1730.5481517791748
2022-07-14,1700.7,1724.4138397574425
2022-07-15,1706.2,1700.549060636759
2022-07-18,1719.1,1706.001995074749
2022-07-19,1713.1,1718.8116597056387
2022-07-20,1709.3,1712.7885684132575
2022-07-21,1705.1,1708.988138526678
2022-07-22,1737.0,1704.8029300153255
2022-07-25,1718.9,1736.6011898517609
2022-07-26,1720.1,1718.5564703166485
2022-07-27,1714.1,1719.7911918401717
2022-07-28,1753.5,1713.8451922059057
2022-07-29,1753.4,1753.1446430683136
2022-08-01,1772.4,1753.0487392544746
2022-08-02,1779.8,1772.0257058858872
2022-08-03,1761.3,1779.4470573782921
2022-08-04,1783.2,1761.0726097226143
2022-08-05,1773.3,1782.9791356086732
2022-08-08,1784.1,1773.153715467453
2022-08-09,1795.3,1783.9665424883365
2022-08-10,1795.1,1795.155003863573
2022-08-11,1796.7,1794.9735303759574
2022-08-12,1792.1,1796.59205160141
2022-08-15,1776.6,1792.027043658495
2022-08-16,1774.9,1776.5947053194045
2022-08-17,1767.2,1774.9120603203773
2022-08-18,1765.6,1767.223383998871
2022-08-19,1750.8,1765.6037885665892
2022-08-22,1733.3,1750.8146098136901
2022-08-23,1746.6,1733.3369859576226
2022-08-24,1745.7,1746.5531525373458
2022-08-25,1753.6,1745.590121269226
2022-08-26,1751.3,1753.4125907897949
2022-08-29,1751.3,1751.079955124855
2022-08-30,1730.3,1751.0627314984797
2022-08-31,1715.9,1730.1283851623534
2022-09-01,1694.3,1715.788110482693
2022-09-02,1712.5,1694.2581909060477
2022-09-05,1711.0,1712.382922321558
2022-09-06,1702.6,1710.8333588838577
2022-09-07,1702.7,1702.4214916348456
2022-09-08,1709.4,1702.4973268091678
2022-09-09,1713.4,1709.1532268285753
2022-09-12,1726.4,1713.121398639679
2022-09-13,1704.9,1726.072053050995
2022-09-14,1703.9,1704.648592221737
2022-09-15,1689.1,1703.6864185750485
2022-09-16,1664.7,1688.9547213494777
2022-09-19,1664.7,1664.6501896262168
2022-09-20,1664.2,1664.6530671179296
2022-09-21,1671.8,1664.121239924431
2022-09-22,1671.9,1671.6509280204773
2022-09-23,1643.6,1671.7031853139401
2022-09-26,1643.4,1643.4683334350584
2022-09-27,1634.3,1643.265214920044
2022-09-28,1652.2,1634.1708318591118
2022-09-29,1654.8,1651.9851192712783
2022-09-30,1671.8,1654.5354642391205
2022-10-03,1668.4,1671.4599046349524
2022-10-04,1714.9,1668.0654690742494
2022-10-05,1700.5,1714.4320551276207
2022-10-06,1714.2,1700.0973058640957
2022-10-07,1696.2,1713.8259399533272
2022-10-10,1676.6,1695.956952238083
2022-10-11,1664.7,1676.504363977909
2022-10-12,1670.7,1664.7039689540863
2022-10-13,1648.1,1670.7053773999214
2022-10-14,1649.3,1648.157958304882
2022-10-17,1664.8,1649.3326375722884
2022-10-18,1653.0,1664.732821416855
2022-10-19,1631.7,1652.910143852234
2022-10-20,1635.3,1631.6469949901104
2022-10-21,1643.3,1635.2145175158978
2022-10-24,1649.2,1643.1479842185975
2022-10-25,1659.3,1648.9868856430055
2022-10-26,1666.8,1659.0253491818905
2022-10-27,1659.8,1666.4879447221756
2022-10-28,1648.1,1659.5202208995818
2022-10-31,1639.0,1647.8908589303492
2022-11-01,1645.3,1638.8555135130882
2022-11-02,1649.6,1645.1554484724998
2022-11-03,1628.8,1649.4381589889526
2022-11-04,1674.4,1628.7001976013182
2022-11-07,1679.0,1674.1553852558136
2022-11-08,1678.7,1678.7053756713867
2022-11-09,1715.3,1678.4147337377071
2022-11-10,1744.8,1714.9251887202263
2022-11-11,1759.4,1744.3512478351593
2022-11-14,1768.9,1758.9550433278084
2022-11-15,1771.4,1768.5137928545475
2022-11-16,1773.0,1771.114607346058
2022-11-17,1758.6,1772.8209797143936
2022-11-18,1751.6,1758.563627207279
2022-11-21,1740.4,1751.6647301673888
2022-11-22,1743.0,1740.5398360252382
2022-11-23,1740.2,1743.1379671096802
2022-11-24,1755.4,1740.31658577919
2022-11-25,1751.9,1755.425529718399
2022-11-28,1746.6,1751.8803687810898
2022-11-29,1752.7,1746.5617932915686
2022-11-30,1753.5,1752.6167381584644
2022-12-01,1803.2,1753.3870173990726
2022-12-02,1784.8,1802.9043250083923
2022-12-05,1776.8,1784.5338313102723
2022-12-06,1773.8,1776.5975086212159
2022-12-07,1782.2,1773.6514539599418
2022-12-08,1790.2,1782.0553182840347
2022-12-09,1796.2,1790.0414375066757
2022-12-12,1786.6,1796.0293433904649
2022-12-13,1823.6,1786.471892940998
2022-12-14,1808.1,1823.3709795713423
2022-12-15,1783.6,1807.9162501752376
2022-12-16,1792.6,1783.5312168836592
2022-12-19,1790.8,1792.5399518251418
2022-12-20,1813.9,1790.7434278011322
2022-12-21,1817.6,1813.7572857379914
2022-12-22,1800.7,1817.4181015014647
2022-12-23,1800.7,1800.570237928629
2022-12-26,1800.7,1800.5894500136376
2022-12-27,1800.7,1800.5941725373268
2022-12-28,1803.4,1800.5904159843922
2022-12-29,1813.8,1803.2734830737115
2022-12-30,1813.8,1813.6281036615371
2023-01-02,1813.8,1813.615779018402
2023-01-03,1843.3,1813.6177250146866
2023-01-04,1857.3,1843.027524280548
2023-01-05,1834.0,1856.9771879911423
2023-01-06,1852.2,1833.7791838645935
2023-01-09,1878.9,1851.979090154171
2023-01-10,1878.7,1878.6214779675008
2023-01-11,1872.4,1878.4456951320171
2023-01-12,1882.6,1872.2159654378893
2023-01-13,1907.2,1882.4378540873527
2023-01-16,1917.0,1906.9928787231445
2023-01-17,1913.8,1916.7825592160225
2023-01-18,1920.7,1913.630147731304
2023-01-19,1918.6,1920.5578125596046
2023-01-20,1924.9,1918.5042827963828
2023-01-23,1914.9,1924.819457447529
2023-01-24,1920.8,1914.8718081772329
2023-01-25,1930.8,1920.771606826782
2023-01-26,1932.5,1930.7362431049346
2023-01-27,1923.1,1932.4182179570198
2023-01-30,1924.1,1923.042916405201
2023-01-31,1923.9,1924.0416251838205
2023-02-01,1925.9,1923.8332600951196
2023-02-02,1921.7,1925.8131020128728
2023-02-03,1875.4,1921.6105425059795
2023-02-06,1873.3,1875.4494078874588
2023-02-07,1870.7,1873.3609649300574
2023-02-08,1872.7,1870.7225234866144
2023-02-09,1879.1,1872.6489889204502
2023-02-10,1859.7,1878.956748050451
2023-02-13,1856.1,1859.5587812304498
2023-02-14,1863.7,1855.9395833373069
2023-02-15,1831.2,1863.4804956912994
2023-02-16,1829.0,1831.053741645813
2023-02-17,1834.0,1828.8550075292587
2023-02-20,1845.8,1833.8085895776749
2023-02-21,1836.9,1845.529355096817
2023-02-22,1835.8,1836.6244192779066
2023-02-23,1826.1,1835.5215204834938
2023-02-24,1811.0,1825.854012465477
2023-02-27,1818.7,1810.8126091957092
2023-02-28,1824.6,1818.4931671380998
2023-03-01,1841.3,1824.3574771642684
2023-03-02,1836.2,1840.9860051572323
2023-03-03,1841.2,1835.892566049099
2023-03-06,1849.1,1840.8941432714462
2023-03-07,1826.6,1848.7899653494358
2023-03-08,1816.3,1826.3917243361473
2023-03-09,1831.4,1816.169655060768
2023-03-10,1861.3,1831.242045557499
2023-03-13,1911.3,1861.0316309988498
2023-03-14,1907.6,1910.8439688026904
2023-03-15,1923.4,1907.1540614604949
2023-03-16,1922.8,1922.972608757019
2023-03-17,1962.1,1922.4613339185714
2023-03-20,1969.4,1961.7306710362434
2023-03-21,1952.5,1969.0808291316034
2023-03-22,1949.4,1952.3326483368874
2023-03-23,1978.0,1949.3475968241692
2023-03-24,1993.8,1977.9259600639343
2023-03-27,1946.3,1993.697916662693
2023-03-28,1962.9,1946.3737814188003
2023-03-29,1965.0,1962.9751126885415
2023-03-30,1965.8,1965.058093070984
2023-03-31,1979.7,1965.8321048021317
2023-04-03,1983.3,1979.6587002396584
2023-04-04,2009.6,1983.2121670782565
2023-04-05,2030.9,2009.4066726684568
2023-04-06,2001.9,2030.6177088975908
2023-04-07,2001.9,2001.7223287403585
2023-04-10,2001.9,2001.7792455911638
2023-04-11,2002.7,2001.8130138695242
2023-04-12,2008.2,2002.625871092081
2023-04-13,2048.5,2008.1095082759857
2023-04-14,2019.4,2048.2686202824116
2023-04-17,1995.6,2019.2407562851906
2023-04-18,1999.4,1995.5524211883544
2023-04-19,1990.6,1999.3685381889345
2023-04-20,2007.2,1990.5851688742637
2023-04-21,1973.7,2007.1084765911103
2023-04-24,1978.2,1973.674236470461
2023-04-25,1987.4,1978.1464689016343
2023-04-26,2003.0,1987.2740788578988
2023-04-27,1985.7,2002.7743564844131
2023-04-28,1982.6,1985.493112063408
2023-05-01,1982.6,1982.4028888225555
2023-05-02,1995.4,1982.400879895687
2023-05-03,2014.3,1995.152139234543
2023-05-04,2044.7,2013.9770341992378
2023-05-05,2001.0,2044.2707611203193
2023-05-08,2001.0,2000.7321220636368
2023-05-09,2030.2,2000.8086926937103
2023-05-10,2037.2,2029.9528989076614
2023-05-11,2016.0,2036.9344400644302
2023-05-12,2019.9,2015.8258838653564
2023-05-15,2019.9,2019.7557662844658
2023-05-16,2007.5,2019.7729828298093
2023-05-17,1974.4,2007.420428544283
2023-05-18,1960.3,1974.4329513549806
2023-05-19,1961.6,1960.3787521719933
2023-05-22,1970.3,1961.6357776641844
2023-05-23,1969.2,1970.2357608497143
2023-05-24,1969.7,1969.060325574875
2023-05-25,1948.3,1969.4994752168657
2023-05-26,1947.9,1948.1297567486763
2023-05-29,1947.9,1947.715627026558
2023-05-30,1952.5,1947.68938754797
2023-05-31,1964.4,1952.2476923465729
2023-06-01,1974.4,1964.0848008155824
2023-06-02,1963.3,1974.035887527466
2023-06-05,1959.7,1962.9776049435138
2023-06-06,1957.3,1959.4216483891012
2023-06-07,1967.4,1957.059555143118
2023-06-08,1966.4,1967.1478777170182
2023-06-09,1960.3,1966.1598437309267
2023-06-12,1952.9,1960.094940561056
2023-06-13,1954.4,1952.7371537268164
2023-06-14,1955.8,1954.2439016342164
2023-06-15,1952.4,1955.6367953300476
2023-06-16,1959.8,1952.2403374671937
2023-06-19,1951.2,1959.6099449515343
2023-06-20,1930.5,1951.0270610332489
2023-06-21,1925.7,1930.3966700434685
2023-06-22,1920.1,1925.6171283602714
2023-06-23,1930.7,1920.017369353771
2023-06-26,1922.9,1930.5522389650346
2023-06-27,1918.9,1922.7351853966713
2023-06-28,1908.4,1918.7234044551851
2023-06-29,1899.6,1908.2384757041932
2023-06-30,1912.3,1899.4537133216857
2023-07-03,1928.8,1912.0935786664486
2023-07-04,1927.8,1928.5055735111237
2023-07-05,1924.7,1927.4846983909606
2023-07-06,1908.8,1924.4014958024025
2023-07-07,1922.3,1908.5770042419433
2023-07-10,1922.8,1922.0620214760304
2023-07-11,1934.0,1922.565053987503
2023-07-12,1953.3,1933.737056851387
2023-07-13,1958.1,1952.9792470514774
2023-07-14,1953.7,1957.7742572128773
2023-07-17,1949.6,1953.4240144610405
2023-07-18,1975.0,1949.387112045288
2023-07-19,1975.4,1974.7474923729897
2023-07-20,1976.1,1975.1656913995744
2023-07-21,1960.6,1975.8990592360497
